feature,importance
age,0.20611166013653168
cumulative_average,0.1524495337079415
partner_encoded,0.14239546667212688
homestate_encoded,0.1290997034277514
relative_judge_score,0.11060488681726356
week,0.06932429062621583
industry_encoded,0.059073016430718724
trend,0.05833019050367095
judge_rank_in_week,0.05667529754311771
age_group_encoded,0.015935954134661753
