feature,fan_importance,judge_importance,importance_diff,fan_rank,judge_rank
week,0.6385802474637381,0.06673154998373086,0.5718486974800072,1.0,2.0
relative_judge_score,0.19658775435560863,0.8464037751647566,-0.649816020809148,2.0,1.0
celebrity_age_during_season,0.05131556295444995,0.0266102999136169,0.02470526304083305,3.0,3.0
partner_avg_place,0.03963253960771588,0.019534216049601965,0.020098323558113914,4.0,5.0
partner_experience,0.038342200809564034,0.020940580900755967,0.017401619908808067,5.0,4.0
partner_win_rate,0.01862980694139838,0.011196752913706786,0.007433054027691595,6.0,6.0
celebrity_industry,0.016911887867525045,0.008582825073830944,0.008329062793694102,7.0,7.0
