week,actual,predicted,ci_lower,ci_upper,interval_width,covered,n_samples
1,2,2.745071229516849,1.0785299090434475,4.4116125499902505,3.3330826409468033,True,421
1,1,0.792603548243223,-0.5998141922491589,2.185021288735605,2.784835480984764,True,421
1,5,5.971532807151039,4.7352266514686345,7.207838962833444,2.4726123113648093,True,421
1,4,6.284544784612038,5.10920335413451,7.459886215089566,2.3506828609550556,False,421
1,3,2.648769937914996,1.0526270877947463,4.244912788035245,3.192285700240499,True,421
1,6,5.648794564576229,4.1307618978254546,7.166827231327003,3.036065333501549,True,421
1,9,11.368819223261088,9.802255677608938,12.935382768913238,3.1331270913042992,False,421
1,6,7.151152093729364,5.8691081894952015,8.433195997963526,2.564087808468325,True,421
1,5,4.295788421097572,3.0581172129076366,5.533459629287507,2.4753424163798705,True,421
1,4,4.8138400653789475,3.6467471890686878,5.980932941689208,2.33418575262052,True,421
1,3,2.3048734607813066,0.943099735046018,3.6666471865165953,2.7235474514705773,True,421
1,2,1.3014053696446148,-0.19902027693983593,2.8018310162290656,3.0008512931689015,True,421
1,8,8.362943407349052,6.977036690554606,9.748850124143496,2.77181343358889,True,421
1,7,4.130079633013303,2.717969161520889,5.542190104505718,2.8242209429848284,False,421
1,1,-1.5873767487695494,-3.269852685779594,0.09509918824049546,3.3649518740200897,False,421
1,10,9.156568706138541,7.7961460389097095,10.516991373367373,2.720845334457664,True,421
1,9,7.480753319498364,6.024315408778446,8.93719123021828,2.912875821439834,False,421
1,8,8.47137099889291,6.858708020178208,10.084033977607612,3.225325957429405,True,421
1,4,2.6379638867181834,1.2495667681600608,4.026361005276306,2.7767942371162455,True,421
1,3,0.8815444479970629,-0.6375177803349521,2.400606676329078,3.03812445666403,False,421
1,2,4.198473153382331,2.5402104447817164,5.856735861982945,3.3165254172012286,False,421
1,1,0.6613355492701964,-1.0474200653687977,2.3700911639091906,3.4175112292779883,True,421
1,10,10.101292307031885,8.857421070413663,11.345163543650107,2.4877424732364446,True,421
1,7,4.862877720679815,3.167407956502922,6.558347484856707,3.390939528353785,False,421
1,6,5.183425913212226,3.7396598740881464,6.627191952336305,2.8875320782481584,True,421
1,5,5.166383884564799,3.858107635610269,6.474660133519329,2.61655249790906,True,421
1,11,9.273509633866546,7.848850319085846,10.698168948647245,2.849318629561399,False,421
1,6,6.563547027518508,4.837114822236455,8.289979232800562,3.452864410564107,True,421
1,4,3.0990419651217924,1.6549852160019232,4.543098714241662,2.888113498239739,True,421
1,8,7.562459375310085,6.213335942416855,8.911582808203315,2.6982468657864604,True,421
1,3,2.097440081655905,0.5718231867217483,3.6230569765900613,3.051233789868313,True,421
1,1,3.7784172767634066,2.4806262482845733,5.07620830524224,2.5955820569576664,False,421
1,10,9.9797541628931,8.77713734147548,11.182370984310719,2.4052336428352383,True,421
1,11,9.41343360656615,8.180102621005913,10.646764592126386,2.466661971120473,False,421
1,7,8.233817368154783,7.0009694787852474,9.466665257524319,2.4656957787390716,False,421
1,5,3.1687345250434666,1.9220655646020106,4.415403485484923,2.4933379208829125,False,421
1,2,2.313295392507133,1.0742015171522414,3.552389267862025,2.4781877507097834,True,421
1,9,6.060494814180337,4.5305480453576745,7.590441583002999,3.0598935376453245,False,421
1,5,3.0077209266523544,1.7436850644237831,4.271756788880926,2.528071724457143,False,421
1,6,6.295291853803685,4.936368607664727,7.654215099942643,2.717846492277916,True,421
1,7,8.107699869993116,6.4294937845209,9.785905955465331,3.3564121709444317,True,421
1,4,4.257052421784956,2.8238039781926654,5.690300865377247,2.8664968871845815,True,421
1,9,8.82652757641764,7.281122459901124,10.371932692934154,3.0908102330330296,True,421
1,12,11.548344456616066,10.289847144566588,12.806841768665544,2.516994624098956,True,421
1,11,8.78221701444886,7.5121509095523695,10.052283119345349,2.5401322097929793,False,421
1,1,-0.0797663125920629,-1.2621095309491097,1.102576905764984,2.3646864367140936,True,421
1,2,1.3090418435603186,0.05250546368717779,2.5655782234334596,2.513072759746282,True,421
1,10,11.585683339328373,10.265620002915858,12.905746675740888,2.64012667282503,False,421
1,3,3.5154274343526923,2.25421269379503,4.7766421749103545,2.5224294811153243,True,421
1,8,5.355439766955899,4.145384765732645,6.565494768179153,2.420110002446508,False,421
1,3,3.4861259540921923,2.257570906101244,4.7146810020831404,2.4571100959818963,True,421
1,10,9.422376579375525,7.996765413095233,10.847987745655818,2.851222332560585,True,421
1,8,6.984616999541062,5.706414332011306,8.262819667070818,2.5564053350595124,True,421
1,7,7.917514433261302,6.547814093760784,9.287214772761821,2.7394006790010375,True,421
1,6,7.546499283743927,6.096186211495346,8.996812355992507,2.900626144497161,False,421
1,4,5.396920178674298,3.8382847746216857,6.955555582726911,3.117270808105225,True,421
1,2,0.7411737151660422,-0.4402677845152345,1.922615214847319,2.3628829993625535,False,421
1,1,0.5361814362231782,-1.0856103215447939,2.1579731939911504,3.2435835155359443,True,421
1,11,11.496895147105345,9.974464854793613,13.019325439417077,3.044860584623464,True,421
1,12,13.463317690683539,12.257285291507825,14.669350089859252,2.4120647983514267,False,421
1,9,8.281238643232065,6.616478760332872,9.945998526131259,3.329519765798387,True,421
1,5,4.721511535004274,3.029352790962844,6.4136702790457045,3.3843174880828606,True,421
1,12,10.340497538990958,9.146446374248374,11.534548703733542,2.388102329485168,False,421
1,7,5.205690063878993,3.8866189463857133,6.5247611813722735,2.63814223498656,False,421
1,6,7.218788733591297,5.593062792164517,8.844514675018077,3.2514518828535603,True,421
1,4,6.0343600428562345,4.442201595560635,7.626518490151834,3.1843168945911984,False,421
1,10,9.891984817629499,8.626418973749038,11.15755066150996,2.5311316877609222,True,421
1,5,6.5052993468380365,5.225349638851636,7.785249054824437,2.559899415972801,False,421
1,2,2.542454037571451,1.1691605326876437,3.915747542455258,2.746587009767614,True,421
1,13,12.032320368092314,10.592953385338316,13.471687350846313,2.8787339655079975,True,421
1,8,8.542093408262621,7.02525114395607,10.058935672569174,3.0336845286131036,True,421
1,3,5.307054849698954,3.934664214508199,6.679445484889708,2.7447812703815093,False,421
1,11,10.946260941335073,9.519632495788603,12.372889386881543,2.85325689109294,True,421
1,9,11.346965483721009,9.75526398689552,12.938666980546499,3.1834029936509793,False,421
1,1,-2.9296176561346163,-4.109536125009236,-1.7496991872599965,2.3598369377492396,False,421
1,2,3.232853756562836,1.9279419534728666,4.537765559652805,2.6098236061799387,True,421
1,12,12.130570602357256,10.558636742268138,13.702504462446374,3.1438677201782355,True,421
1,9,8.551488974301199,6.874199146334415,10.228778802267984,3.354579655933569,True,421
1,7,7.137641164803253,5.682542700004244,8.592739629602262,2.910196929598018,True,421
1,4,1.0186466280986606,-0.44829111769837904,2.4855843738957004,2.9338754915940797,False,421
1,1,0.6704921682437321,-0.5502628169924448,1.8912471534799091,2.441509970472354,True,421
1,10,10.53566885726762,9.117801292754566,11.953536421780674,2.8357351290261086,True,421
1,13,15.216841067112274,13.74961146407933,16.684070670145218,2.9344592060658883,False,421
1,6,5.222594672589529,3.923456760817142,6.521732584361915,2.5982758235447734,True,421
1,5,3.7872595956602186,2.4726113505302107,5.1019078407902265,2.6292964902600158,True,421
1,8,7.247364434623195,5.8701244761312505,8.62460439311514,2.7544799169838896,True,421
1,11,12.373103176553112,11.202808595973883,13.543397757132341,2.3405891611584586,False,421
1,3,3.4931266644895267,2.1478688012283387,4.838384527750715,2.690515726522376,True,421
1,16,15.205359694349442,13.924194148962776,16.486525239736107,2.5623310907733305,True,421
1,12,12.769901149670034,11.421504350308295,14.118297949031772,2.6967935987234775,True,421
1,9,9.145616324022061,7.917567462321442,10.37366518572268,2.456097723401239,True,421
1,6,7.452967485799334,5.778388681157355,9.127546290441314,3.3491576092839592,True,421
1,11,9.946920359183972,8.444365797758326,11.449474920609617,3.005109122851291,True,421
1,10,9.508506780103348,7.956413503212307,11.060600056994389,3.104186553782082,True,421
1,8,7.411837770301764,5.795977899401913,9.027697641201616,3.2317197417997034,True,421
1,7,4.804727577801822,3.3572967305555883,6.252158425048056,2.8948616944924677,False,421
1,4,4.444180415596864,3.235157928698216,5.6532029024955115,2.4180449737972953,True,421
1,14,14.391582908269834,12.92175251837629,15.861413298163379,2.93966077978709,True,421
1,13,13.007670184963692,11.509026897256929,14.506313472670454,2.9972865754135256,True,421
1,15,14.64811929993728,13.057594697893158,16.2386439019814,3.181049204088243,True,421
1,5,2.8769438869243786,1.4682024564753176,4.2856853173734395,2.8174828608981217,False,421
1,2,1.3690320158519613,0.1364538270990645,2.6016102046048584,2.465156377505794,True,421
1,1,0.4859282252098458,-0.8371392828828821,1.8089957333025737,2.6461350161854558,True,421
1,3,1.7965840961675716,0.4275717524539624,3.165596439881181,2.7380246874272185,True,421
1,9,8.758071432500987,7.2252033773562125,10.290939487645762,3.0657361102895493,True,421
1,11,11.606076285221807,10.11673872071695,13.095413849726663,2.978675129009712,True,421
1,5,7.829278851815795,6.464313481945643,9.194244221685947,2.729930739740304,False,421
1,10,10.261866719247758,8.531678885113692,11.992054553381823,3.4603756682681315,True,421
1,4,4.386325586084147,2.876713374070057,5.895937798098236,3.0192244240281796,True,421
1,2,1.8883311263507492,0.5922310716716963,3.184431181029802,2.5922001093581057,True,421
1,6,3.1218431770514377,1.9042105312466835,4.339475822856192,2.4352652916095088,False,421
1,1,0.9602291868261746,-0.28699387447461533,2.2074522481269647,2.49444612260158,True,421
1,3,3.0903453149115396,1.789187137600781,4.391503492222299,2.6023163546215176,True,421
1,8,11.69486316872793,10.443108426486226,12.946617910969632,2.5035094844834056,False,421
1,7,6.711458552828316,5.444707390227926,7.978209715428706,2.5335023252007804,True,421
1,12,12.452321013500418,11.128489212437117,13.77615281456372,2.6476636021266025,True,421
1,8,7.947932345442135,6.688824575901373,9.207040114982897,2.518215539081524,True,421
1,2,0.24698294357070205,-1.4312098257628736,1.9251757129042777,3.3563855386671513,False,421
1,1,2.714234221772531,1.509085471785886,3.919382971759176,2.4102974999732902,False,421
1,6,7.127899549030161,5.66536595067246,8.590433147387863,2.9250671967154025,True,421
1,5,6.18654792056457,4.790124692128559,7.582971149000581,2.792846456872022,True,421
1,10,8.635918817807891,6.908127472412172,10.36371016320361,3.455582690791438,True,421
1,11,13.10419146640415,11.880616929081457,14.327766003726842,2.4471490746453846,False,421
1,4,1.8972234058115784,0.5080657287644119,3.286381082858745,2.7783153540943335,False,421
1,9,9.880285640700405,8.159972436356208,11.600598845044603,3.440626408688395,True,421
1,7,10.285683438714969,8.62559964378039,11.945767233649548,3.3201675898691576,False,421
1,3,1.5141955123039674,-0.11782824079931542,3.1462192654072503,3.2640475062065657,True,421
1,4,3.150553405595842,1.84247503446114,4.458631776730544,2.6161567422694043,True,421
1,3,3.149477047631462,1.8918095053368171,4.407144589926107,2.5153350845892897,True,421
1,2,1.2447865188257012,-0.30124745325051894,2.7908204909019214,3.0920679441524404,True,421
1,1,-1.3259951465991993,-3.023080302967114,0.3710900097687153,3.394170312735829,False,421
1,9,9.102844462209042,7.621626492856305,10.58406243156178,2.9624359387054744,True,421
1,7,5.406544429410843,3.9167234779779476,6.896365380843738,2.9796419028657906,False,421
1,8,8.710388645952772,7.389520757692248,10.031256534213297,2.641735776521049,True,421
1,11,9.620863648649296,8.0164040760201,11.225323221278492,3.208919145258392,True,421
1,5,7.324901607526309,6.05787426252865,8.591928952523968,2.534054689995318,False,421
1,10,8.825120061495644,7.478935223872119,10.17130489911917,2.6923696752470505,True,421
1,6,5.516907725691486,4.111771548919709,6.922043902463264,2.8102723535435548,True,421
1,11,12.220275826054504,10.767533546669977,13.67301810543903,2.9054845587690536,True,421
1,6,4.1537035253490675,2.854600820369931,5.452806230328203,2.5982054099582723,False,421
1,3,3.341189901906194,2.115994434773949,4.566385369038439,2.4503909342644903,True,421
1,1,2.960714131423642,1.4482949201691229,4.473133342678161,3.0248384225090383,False,421
1,12,9.58877514815816,8.262895180980971,10.914655115335348,2.651759934354377,False,421
1,4,4.276950787798456,2.781553444854289,5.772348130742623,2.990794685888334,True,421
1,9,9.389824191372636,8.14173005832378,10.637918324421491,2.496188266097711,True,421
1,10,11.172734307665966,9.735327141991409,12.610141473340523,2.874814331349114,True,421
1,8,6.144573933682877,4.6773604557579915,7.611787411607763,2.934426955849771,False,421
1,7,5.019315080373586,3.8306253113744595,6.208004849372712,2.377379537998252,False,421
1,5,5.782912348425347,4.429239603258336,7.136585093592358,2.7073454903340224,True,421
1,2,2.445477009849779,1.208939440343133,3.682014579356425,2.473075139013292,True,421
1,3,3.3757392755188147,2.1803573759582577,4.571121175079371,2.3907637991211135,True,421
1,11,11.519672314245463,9.787488686280888,13.251855942210039,3.464367255929151,True,421
1,10,8.979962917632264,7.634545923443574,10.325379911820953,2.6908339883773786,True,421
1,7,7.348380545741505,5.720526616776386,8.976234474706624,3.255707857930238,True,421
1,6,6.439608709948022,5.133420223954881,7.7457971959411624,2.612376971986281,True,421
1,5,3.928472872960448,2.3749889625520515,5.481956783368845,3.1069678208167932,True,421
1,12,14.798661766717135,13.19956975988771,16.39775377354656,3.1981840136588513,False,421
1,1,1.7107493813676813,0.20700933764220353,3.2144894250931593,3.007480087450956,True,421
1,9,7.2130447541960265,5.7811782822959685,8.644911226096085,2.863732943800116,False,421
1,8,8.984830412950744,7.587570576688093,10.382090249213395,2.7945196725253014,True,421
1,2,0.5379774946590179,-0.822800187758224,1.8987551770762598,2.721555364834484,False,421
1,4,5.1806269056136784,3.483453021379438,6.877800789847919,3.394347768468481,True,421
1,6,7.737893368511106,6.098021191599415,9.377765545422797,3.279744353823382,False,421
1,8,6.7689765224724345,5.051237598892968,8.486715446051901,3.435477847158934,True,421
1,7,8.445064193866482,7.214388002393856,9.675740385339108,2.4613523829452513,False,421
1,3,3.6191713904047473,2.037088833103436,5.201253947706059,3.164165114602623,True,421
1,5,6.233090239991735,4.5308116686734135,7.935368811310056,3.4045571426366426,True,421
1,4,6.845189473980922,5.581528450982282,8.10885049697956,2.527322045997278,False,421
1,2,1.6319178259956941,0.4347276551012076,2.8291079968901807,2.394380341788973,True,421
1,13,11.869395753463765,10.281373190641723,13.457418316285807,3.176045125644084,True,421
1,10,8.665728355561715,7.174250265326152,10.157206445797277,2.982956180471125,True,421
1,12,10.776284572551843,9.129918434549884,12.422650710553802,3.2927322760039175,True,421
1,11,10.884347435878844,9.644705972353346,12.123988899404342,2.4792829270509955,True,421
1,9,9.511727962224965,7.892336432887468,11.131119491562462,3.2387830586749935,True,421
1,1,1.4150361989950286,0.13956010491403514,2.690512293076022,2.550952188161987,True,421
1,5,6.240774873554036,4.987296863987171,7.494252883120901,2.50695601913373,True,421
1,2,2.0195028378168605,0.7656715188821717,3.2733341567515493,2.5076626378693776,True,421
1,12,14.180301115735976,12.549724161148594,15.810878070323357,3.2611539091747623,False,421
1,8,7.603014750143066,6.058977160286401,9.147052339999732,3.0880751797133312,True,421
1,4,8.080253749884427,6.61855784713485,9.541949652634004,2.923391805499154,False,421
1,3,3.938501021647509,2.57195189451196,5.305050148783058,2.7330982542710984,True,421
1,9,7.714263665375576,6.0474054853978485,9.381121845353304,3.3337163599554556,True,421
1,7,5.393661252908331,4.007638054008151,6.779684451808512,2.772046397800361,False,421
1,11,11.723708622864779,10.091958680930912,13.355458564798646,3.263499883867734,True,421
1,1,0.6648058220112236,-0.7482663350204564,2.0778779790429036,2.82614431406336,True,421
1,10,11.071000741138137,9.693957601691308,12.448043880584967,2.7540862788936593,True,421
1,6,6.709856436860317,5.283143947695725,8.136568926024909,2.8534249783291834,True,421
1,10,9.89075663101469,8.557491715915598,11.224021546113784,2.6665298301981863,True,421
1,7,5.729809422897393,4.138027721981951,7.321591123812835,3.1835634018308845,True,421
1,6,3.727729162971203,2.277819816977626,5.17763850896478,2.8998186919871536,False,421
1,5,4.330227571899468,3.037032350511079,5.623422793287857,2.5863904427767785,True,421
1,2,3.2845981914852085,1.6047779887014753,4.964418394268941,3.359640405567466,True,421
1,1,1.3211406161953059,-0.059927031386908025,2.7022082637775195,2.762135295164428,True,421
1,12,10.131391831932017,8.657826874393313,11.604956789470721,2.947129915077408,False,421
1,4,4.259771388776773,2.575955212491312,5.943587565062234,3.367632352570922,True,421
1,9,9.577976069593255,8.057667523960415,11.098284615226095,3.0406170912656805,True,421
1,8,6.674213845698301,5.4478242474479215,7.90060344394868,2.4527791965007584,False,421
1,3,3.230587658918292,1.527444915304885,4.933730402531698,3.406285487226813,True,421
1,11,11.087313077669,9.564994212256291,12.609631943081709,3.0446377308254178,True,421
1,10,8.285544553254066,6.932855900496061,9.638233206012071,2.70537730551601,False,421
1,6,6.536681040522425,5.297329419759436,7.776032661285415,2.478703241525979,True,421
1,4,4.841176789552351,3.222504863235093,6.45984871586961,3.237343852634517,True,421
1,3,4.624576864762916,3.1066813814949965,6.142472348030835,3.0357909665358385,False,421
1,11,12.580703078052355,11.112984618767406,14.048421537337305,2.9354369185698985,False,421
1,12,9.933495948064364,8.256967511616843,11.610024384511885,3.353056872895042,False,421
1,5,3.593262440127316,1.9777351224245714,5.208789757830061,3.23105463540549,True,421
1,2,2.7725529008129897,1.5260159204878159,4.0190898811381635,2.4930739606503476,True,421
1,1,1.7706789263683131,0.43142127509209205,3.1099365776445342,2.678515302552442,True,421
1,8,8.772571529459071,7.469946821126557,10.075196237791586,2.6052494166650284,True,421
1,9,14.779097235982082,13.18943768381831,16.368756788145852,3.1793191043275417,False,421
1,7,7.85633576603975,6.678242642182822,9.03442888989668,2.3561862477138575,True,421
1,8,9.703348460270899,8.214525702835449,11.192171217706349,2.9776455148709005,False,421
1,9,10.431002645239804,8.83061824663403,12.031387043845578,3.2007687972115484,True,421
1,6,6.977086876958697,5.310480651394723,8.64369310252267,3.333212451127947,True,421
1,3,2.5270961330394814,1.1702501066167323,3.8839421594622303,2.7136920528454977,True,421
1,1,2.138453830739901,0.5040054322332481,3.772902229246554,3.268896797013306,True,421
1,13,11.840762178193643,10.618002858584259,13.063521497803027,2.4455186392187684,True,421
1,11,10.644772089889987,8.995727395545122,12.293816784234851,3.2980893886897285,True,421
1,5,4.2719546782563445,3.0394295798786826,5.504479776634007,2.465050196755324,True,421
1,10,10.122811209079483,8.73398277208151,11.511639646077455,2.7776568739959444,True,421
1,7,10.471987850010263,8.851421401435308,12.092554298585219,3.2411328971499103,False,421
1,12,9.199102211112379,7.9535833815349894,10.44462104068977,2.49103765915478,False,421
1,4,5.02939028556177,3.7379106439236596,6.3208699271998805,2.582959283276221,True,421
1,2,-0.4190738067844775,-1.9961654614068607,1.1580178478379057,3.1541833092447664,False,421
1,9,8.29210220131585,6.716294367810157,9.867910034821541,3.1516156670113844,True,421
1,7,8.63342589545105,7.103321033466167,10.163530757435932,3.0602097239697654,False,421
1,2,2.096420028643194,0.5357258964819205,3.657114160804468,3.1213882643225475,True,421
1,1,-0.6166171668939593,-2.0897021944066667,0.8564678606187481,2.946170055025415,False,421
1,4,2.9270444361100476,1.6225021813166196,4.231586690903476,2.6090845095868564,True,421
1,10,11.019396623402013,9.660456744498742,12.378336502305284,2.717879757806543,True,421
1,6,4.904450052424295,3.640577775157335,6.168322329691255,2.5277445545339194,True,421
1,11,11.324687884372961,9.639725525840346,13.009650242905577,3.3699247170652313,True,421
1,3,3.068357759855721,1.5717127800878816,4.56500273962356,2.993289959535679,True,421
1,12,11.022599478591275,9.631706224479538,12.413492732703011,2.7817865082234725,True,421
1,8,11.215916133987989,9.789594105076821,12.642238162899156,2.852644057822335,False,421
1,5,5.950878533477017,4.243419052061904,7.658338014892129,3.4149189628302246,True,421
1,10,6.962286120013589,5.714777873808339,8.209794366218839,2.4950164924104996,False,421
1,6,6.279681472154142,4.781392322805743,7.77797062150254,2.9965782986967966,True,421
1,4,3.0073203028474182,1.5555754615470174,4.459065144147819,2.903489682600801,True,421
1,12,13.278650002194336,11.76574751513253,14.791552489256143,3.025804974123613,True,421
1,3,1.811218892350949,0.6420603925240751,2.9803773921778225,2.338316999653747,False,421
1,13,12.827895337799651,11.163978219884672,14.49181245571463,3.3278342358299575,True,421
1,7,7.757480918470685,6.058807060151846,9.456154776789525,3.397347716637679,True,421
1,5,6.298632791255182,4.8125656335625,7.784699948947864,2.9721343153853645,True,421
1,2,0.19955538941633577,-1.3627043212163439,1.7618151000490154,3.1245194212653593,False,421
1,8,7.498248146238577,5.80514683807653,9.191349454400624,3.386202616324095,True,421
1,1,0.2875820332585657,-1.2808115488869967,1.855975615404128,3.1367871642911247,True,421
1,11,10.020006151139432,8.772968532277769,11.267043770001095,2.494075237723326,True,421
1,9,11.648181360421646,10.15565163709834,13.140711083744952,2.9850594466466127,False,421
1,11,11.607472566441434,10.0973156495703,13.117629483312568,3.020313833742268,True,421
1,8,6.108674068497432,4.704294366256249,7.513053770738615,2.808759404482366,False,421
1,6,7.376792920582164,5.791479560076908,8.96210628108742,3.170626721010512,True,421
1,9,12.18323429551895,10.483257671629435,13.883210919408466,3.399953247779031,False,421
1,7,8.54869789082672,6.853818532349393,10.243577249304046,3.3897587169546526,True,421
1,5,2.7209450510689797,1.3010921085688525,4.140797993569107,2.839705885000255,False,421
1,2,1.273648890700623,0.04937964947687856,2.4979181319243673,2.4485384824474887,True,421
1,12,13.900366723779934,12.17114872251442,15.629584725045447,3.458436002531027,False,421
1,1,-0.06150419842817101,-1.7061724898425155,1.5831640929861734,3.289336582828689,True,421
1,3,3.6657291422193428,2.4348412289089163,4.896617055529769,2.461775826620853,True,421
1,4,5.161951080144005,3.469810016147674,6.854092144140337,3.3842821279926625,True,421
1,10,8.609604292632875,6.946977666878215,10.272230918387535,3.32525325150932,True,421
1,13,12.9107119659073,11.451465118145595,14.369958813669005,2.9184936955234093,True,421
1,8,3.138098989896391,1.636886754121495,4.639311225671287,3.002424471549792,False,421
1,6,4.463418537998566,3.0735963048898034,5.853240771107328,2.7796444662175244,False,421
1,7,6.62114777291026,5.43075586348603,7.81153968233449,2.3807838188484602,True,421
1,3,1.1283252270527258,-0.2245323749407997,2.481182829046251,2.705715203987051,False,421
1,1,3.448616955897453,1.8248305246763383,5.072403387118568,3.2475728624422295,False,421
1,9,6.85478793305905,5.69343778106505,8.01613808505305,2.3227003039880003,False,421
1,12,11.339933269954525,9.988059416488122,12.691807123420928,2.7037477069328055,True,421
1,2,2.196110865929137,0.8067718027754502,3.5854499290828237,2.7786781263073737,True,421
1,11,13.161909933599173,11.691912080963803,14.631907786234542,2.9399957052707393,False,421
1,10,7.846206773230841,6.154637086122381,9.5377764603393,3.3831393742169187,False,421
1,4,5.744745628232439,4.385429182163092,7.104062074301787,2.718632892138695,False,421
1,5,5.015349591529381,3.6556813698974993,6.3750178131612625,2.7193364432637632,True,421
1,11,9.527737023428074,7.941811300356493,11.113662746499655,3.1718514461431617,True,421
1,10,10.693155211394906,9.272503617639412,12.1138068051504,2.841303187510988,True,421
1,8,8.298589543360205,7.009801815936974,9.587377270783435,2.5775754548464604,True,421
1,7,6.099674684261808,4.678894724582268,7.520454643941349,2.8415599193590815,True,421
1,5,5.1047031274850285,3.864433293678331,6.344972961291726,2.4805396676133946,True,421
1,4,3.42202960470736,2.1611760771914215,4.682883132223298,2.521707055031877,True,421
1,2,2.170276017876872,0.7228882882031331,3.6176637475506106,2.8947754593474775,True,421
1,1,1.9931960117815701,0.5918318680352688,3.3945601555278717,2.802728287492603,True,421
1,12,14.379025224218028,12.690357832199242,16.067692616236815,3.377334784037574,False,421
1,9,7.143276751759727,5.774663219538157,8.511890283981296,2.7372270644431396,False,421
1,3,6.1995500619844,4.704529211056654,7.6945709129121465,2.9900417018554926,False,421
1,6,3.0718683007162473,1.5469098565815327,4.596826744850961,3.0499168882694287,False,421
1,10,9.772322357446624,8.60606963559645,10.938575079296799,2.3325054437003487,True,421
1,3,3.8824758097268646,2.339399825538517,5.425551793915212,3.0861519683766954,True,421
1,1,1.421487801602549,0.15967896479600618,2.6832966384090917,2.5236176736130855,True,421
1,11,10.06595072026911,8.350503983015138,11.78139745752308,3.4308934745079434,True,421
1,8,7.687816624464087,6.443024684185784,8.932608564742392,2.4895838805566077,True,421
1,6,5.2604985980117505,3.8616263556658943,6.659370840357607,2.7977444846917123,True,421
1,5,4.115952864583683,2.907840290210122,5.324065438957244,2.416225148747122,True,421
1,13,14.274403145531537,12.538213995628784,16.01059229543429,3.4723782998055057,True,421
1,2,2.535523228947571,1.085918252962338,3.9851282049328045,2.899209951970467,True,421
1,12,10.960635607109019,9.457042553741607,12.464228660476431,3.0071861067348244,True,421
1,9,10.349399813149876,9.151873507249514,11.546926119050239,2.3950526118007254,False,421
1,4,4.460949281314914,2.867805515463657,6.054093047166171,3.1862875317025146,True,421
1,7,8.21929317825844,6.939021204658397,9.499565151858482,2.5605439472000846,True,421
1,10,10.944443262885418,9.265503811202764,12.623382714568072,3.3578789033653074,True,421
1,9,7.7565074836168915,6.478996585230982,9.0340183820028,2.5550217967718183,True,421
1,8,7.159728439704546,5.890590020200062,8.42886685920903,2.5382768390089687,True,421
1,7,8.120940407684893,6.9410993001115635,9.300781515258222,2.359682215146659,True,421
1,6,6.915555398150198,5.483404614616472,8.347706181683924,2.864301567067452,True,421
1,5,4.968647609053778,3.4827496458503022,6.454545572257254,2.9717959264069513,True,421
1,4,4.175991074963173,2.979257203187681,5.372724946738666,2.393467743550985,True,421
1,3,4.916497343682638,3.3085416777439947,6.524453009621281,3.2159113318772863,False,421
1,2,1.112642916746255,-0.308629081517769,2.5339149150102793,2.8425439965280486,True,421
1,1,1.820646071755057,0.35818264239127884,3.283109501118835,2.924926858727556,True,421
1,5,4.6967110213491585,3.282695803289611,6.110726239408706,2.8280304361190947,True,421
1,3,2.6734781951591695,1.2826361285587307,4.064320261759608,2.7816841332008773,True,421
1,11,12.648165277980786,11.165280312709559,14.131050243252012,2.9657699305424536,False,421
1,8,9.238124523482044,7.989522007672852,10.486727039291237,2.4972050316183854,True,421
1,2,3.220264454000958,1.956200757067364,4.484328150934552,2.5281273938671873,True,421
1,12,13.958218210731493,12.30029040762433,15.616146013838657,3.3158556062143276,False,421
1,9,9.031505762449138,7.324722871386387,10.738288653511889,3.4135657821255023,True,421
1,7,8.022929456942446,6.647992259711042,9.39786665417385,2.7498743944628075,True,421
1,13,12.534599865109817,11.219081784468651,13.850117945750982,2.6310361612823314,True,421
1,1,1.4862495287326631,-0.04550753998380652,3.0180065974491326,3.0635141374329393,True,421
1,10,9.804785418448473,8.409325421992309,11.200245414904638,2.790919992912329,True,421
1,4,4.1454939474890775,2.9721201187765174,5.318867776201637,2.34674765742512,True,421
1,6,6.89273553815537,5.64360446674789,8.14186660956285,2.4982621428149603,True,421
1,7,5.7726689751497915,4.199215730570866,7.346122219728717,3.1469064891578515,True,421
1,5,8.138580913528191,6.598177643181577,9.678984183874805,3.080806540693228,False,421
1,2,0.490973927750447,-0.6833903505732379,1.665338206074132,2.34872855664737,False,421
1,11,9.178717080818402,7.891454541671913,10.465979619964891,2.574525078292978,False,421
1,10,11.737166310250101,10.444630311426746,13.029702309073457,2.585071997646711,False,421
1,9,10.187494040944404,8.639577511486207,11.735410570402601,3.0958330589163943,True,421
1,6,6.936179725578233,5.766094087372538,8.106265363783928,2.3401712764113896,True,421
1,12,12.94251826389642,11.723538025400023,14.161498502392815,2.4379604769927923,True,421
1,4,3.981629840729628,2.35954512193676,5.603714559522496,3.244169437585736,True,421
1,3,1.6541184427712528,0.39201490188777544,2.9162219836547303,2.5242070817669546,False,421
1,8,8.11370683729059,6.576882592141737,9.650531082439443,3.073648490297706,True,421
1,1,-0.015742567268167473,-1.312396458421238,1.280911323884903,2.593307782306141,True,421
1,13,14.462679600126627,13.24640321992138,15.678955980331875,2.432552760410495,False,421
1,12,11.779413927746791,10.479869505094442,13.078958350399141,2.599088845304699,True,421
1,8,6.761754204811233,5.184654228956187,8.338854180666278,3.1541999517100905,True,421
1,5,4.51792123752051,2.8635210836642684,6.172321391376752,3.3088003077124832,True,421
1,4,4.6193971814134365,2.979756473207626,6.259037889619247,3.279281416411621,True,421
1,15,14.154413170794038,12.765644845968414,15.543181495619663,2.7775366496512497,True,421
1,11,9.766669406650353,8.220958750863758,11.312380062436947,3.091421311573189,True,421
1,6,6.365530817237868,5.088109915426969,7.642951719048767,2.554841803621798,True,421
1,2,2.367449856663084,1.0389529382652036,3.695946775060965,2.6569938367957615,True,421
1,7,6.239585236943306,4.561641352746737,7.917529121139874,3.3558877683931367,True,421
1,3,2.293442541572516,1.1272434272186294,3.4596416559264025,2.332398228707773,True,421
1,1,1.3480749060364543,0.1398702971614323,2.556279514911476,2.4164092177500436,True,421
1,14,11.827873487754013,10.548771383939414,13.106975591568613,2.558204207629199,False,421
1,10,7.888804338435167,6.714766681657601,9.062841995212734,2.3480753135551335,False,421
1,9,7.922333668121346,6.658555406059323,9.186111930183369,2.527556524124046,True,421
1,15,14.67982927243223,13.18338719477712,16.176271350087337,2.9928841553102163,True,421
1,13,13.466361348397006,12.063549392087086,14.869173304706926,2.80562391261984,True,421
1,6,8.213034325424328,6.537213180807067,9.88885547004159,3.3516422892345226,False,421
1,12,13.286489434803029,11.654250464702558,14.918728404903499,3.2644779402009405,True,421
1,9,8.760092205054859,7.403399352637889,10.116785057471828,2.7133857048339394,True,421
1,5,4.971475688145967,3.662516379044771,6.280434997247163,2.617918618202392,True,421
1,1,-0.5037940469567133,-1.8824291820882835,0.874841088174857,2.7572702702631404,False,421
1,3,2.972230296011415,1.4715860926478366,4.472874499374994,3.0012884067271575,True,421
1,11,10.567012041619792,9.253047172369739,11.880976910869846,2.6279297385001072,True,421
1,7,7.484077840507134,5.963820906559869,9.0043347744544,3.0405138678945303,True,421
1,8,6.759153584671516,5.363301100835391,8.155006068507642,2.791704967672252,True,421
1,2,2.7790197713617584,1.3005337712548444,4.257505771468672,2.9569720002138276,True,421
1,14,16.299108369503866,14.887779066958139,17.710437672049594,2.822658605091455,False,421
1,10,9.836859777314714,8.507599280620097,11.166120274009332,2.658520993389235,True,421
1,4,4.602567583148412,2.8944303006483354,6.310704865648488,3.416274565000153,True,421
1,16,17.03521598756667,15.43416703081678,18.636264944316558,3.2020979134997773,True,421
1,14,13.398169292171247,12.158330392343881,14.638008191998612,2.4796777996547306,True,421
1,12,12.336138722715624,10.674339608678768,13.997937836752481,3.3235982280737133,True,421
1,11,11.018888601172693,9.577836793653475,12.45994040869191,2.882103615038435,True,421
1,6,6.146514147823248,4.46960355770927,7.823424737937225,3.353821180227955,True,421
1,5,3.8404853242168002,2.218435845937989,5.462534802495611,3.244098956557622,True,421
1,3,3.036765261388414,1.631758237799238,4.44177228497759,2.8100140471783526,True,421
1,13,13.746997436868174,12.57531355091472,14.918681322821628,2.343367771906909,True,421
1,10,12.176715411692562,10.862394994822218,13.491035828562907,2.6286408337406897,False,421
1,9,10.43890623912781,8.96645281743428,11.91135966082134,2.9449068433870593,True,421
1,8,11.229773686267334,9.70411197091472,12.755435401619948,3.051323430705228,False,421
1,1,-0.15102134433207426,-1.4590909434263761,1.1570482547622276,2.6161391981886037,True,421
1,15,16.308480955081016,15.069080669501494,17.54788124066054,2.478800571159047,False,421
1,7,7.2750130086075275,5.632643424755134,8.917382592459921,3.284739167704787,True,421
1,4,7.284704399826508,5.55574073647225,9.013668063180766,3.457927326708516,False,421
1,2,0.7875525719672729,-0.6756639403134164,2.2507690842479624,2.926433024561379,True,421
1,13,11.740417236728836,10.482291037127386,12.998543436330287,2.5162523992029016,False,421
1,10,9.100911031833967,7.784487654003746,10.417334409664187,2.6328467556604416,True,421
1,7,3.8141564135352897,2.644835414922124,4.9834774121484555,2.3386419972263317,False,421
1,5,4.211367467478858,2.523017025544809,5.8997179094129075,3.3767008838680983,True,421
1,1,-0.13869899233054683,-1.3655827863515688,1.0881848016904752,2.453767588042044,True,421
1,11,11.225590679714312,9.732928801566388,12.718252557862236,2.9853237562958483,True,421
1,14,14.512633963665738,13.195197972480951,15.830069954850526,2.6348719823695745,True,421
1,12,14.814256258823828,13.334535802699678,16.293976714947977,2.959440912248299,False,421
1,2,3.4256357572790757,1.889579545627229,4.961691968930922,3.072112423303693,True,421
1,8,7.134644516506396,5.495280764892024,8.774008268120769,3.278727503228745,True,421
1,6,4.652377992977463,3.3741246028708205,5.930631383084107,2.556506780213286,False,421
1,9,9.73787875725976,8.572841840523612,10.902915673995906,2.3300738334722944,True,421
1,4,2.019650189469037,0.7816811144491742,3.2576192644888993,2.475938150039725,False,421
1,3,5.747188148781531,4.067110682270862,7.4272656152922,3.360154933021338,False,421
1,12,13.769160181081931,12.104219862814046,15.434100499349816,3.329880636535769,False,421
1,10,9.296236521842943,7.791468531318944,10.80100451236694,3.009535981047997,True,421
1,10,7.430298206363684,5.923732105219121,8.936864307508248,3.0131322022891274,False,421
1,3,5.0308085612481195,3.486863981127655,6.574753141368584,3.0878891602409286,False,421
1,6,5.828190232121073,4.567925138038554,7.088455326203592,2.520530188165038,True,421
1,5,6.856724467960193,5.168308480621,8.545140455299386,3.376831974678386,False,421
1,4,1.6083585118084494,0.20708412105430818,3.0096329025625908,2.802548781508283,False,421
1,2,1.1009374655693407,-0.27969412179653497,2.4815690529352166,2.7612631747317513,True,421
1,12,12.007865549577275,10.548572558983418,13.467158540171132,2.9185859811877144,True,421
1,9,9.070470890647114,7.884595273895432,10.256346507398796,2.371751233503364,True,421
1,8,7.324901792781135,6.0699016278151126,8.579901957747158,2.510000329932045,True,421
1,7,7.934274898521248,6.3480407567382375,9.520509040304258,3.1724682835660207,True,421
1,1,-0.6014306440738917,-1.8080653390251817,0.6052040508773984,2.41326938990258,False,421
1,13,12.78643077246806,11.278337983717199,14.294523561218922,3.016185577501723,True,421
1,8,8.180443447567848,6.879637863359136,9.48124903177656,2.601611168417424,True,421
1,5,5.771658251088123,4.387459658686471,7.155856843489775,2.7683971848033035,True,421
1,13,14.067422317133335,12.741505745630842,15.393338888635828,2.6518331430049855,True,421
1,3,1.3130368622431963,-0.051682864828831,2.6777565893152238,2.729439454144055,False,421
1,7,4.698828743896566,3.1235948161598266,6.274062671633306,3.1504678554734795,False,421
1,1,2.9165152328477637,1.5857160522634042,4.2473144134321235,2.6615983611687195,False,421
1,11,11.498471017969388,10.011667263024052,12.985274772914725,2.973607509890673,True,421
1,12,10.87727019516517,9.442811662157826,12.311728728172515,2.8689170660146885,True,421
1,10,12.326727963283783,10.783574468150356,13.869881458417211,3.0863069902668556,False,421
1,2,2.1735119514392878,0.47210858912381126,3.874915313754764,3.4028067246309526,True,421
1,9,10.76894577609574,9.185875674445267,12.352015877746211,3.1661402033009445,False,421
1,6,6.101277722115164,4.818088929451585,7.384466514778742,2.5663775853271567,True,421
1,4,7.091121887322981,5.914389791077476,8.267853983568486,2.3534641924910096,False,421
2,2,4.633011263664807,3.228640771679674,6.037381755649941,2.808740983970267,False,421
2,1,1.9113502964970377,0.2052418666828899,3.6174587263111855,3.4122168596282956,True,421
2,5,2.7212300255207347,1.1757271951177297,4.26673285592374,3.0910056608060104,False,421
2,4,3.991995293745005,2.5851793408587174,5.3988112466312925,2.813631905772575,True,421
2,3,2.011846761327965,0.42302359855271887,3.6006699241032107,3.1776463255504916,True,421
2,6,3.4656641608825947,1.8124337838387443,5.118894537926445,3.3064607540877002,False,421
2,9,10.480683300193066,9.097412825079921,11.86395377530621,2.7665409502262897,False,421
2,6,5.471740524600614,4.00269363813885,6.940787411062378,2.938093772923528,True,421
2,5,5.363780638418779,4.072259302941024,6.655301973896535,2.5830426709555105,True,421
2,4,4.269768128092089,2.942175224008647,5.597361032175531,2.655185808166884,True,421
2,3,2.49772159143583,0.8658145243224771,4.129628658549183,3.2638141342267053,True,421
2,2,4.962541030446172,3.634772222815433,6.29030983807691,2.6555376152614767,False,421
2,8,7.929103021056486,6.392120241531135,9.466085800581837,3.073965559050702,True,421
2,7,4.663071523484998,3.0141653655166105,6.311977681453385,3.2978123159367745,False,421
2,1,0.3994279597250231,-0.8829577941319778,1.6818137135820241,2.564771507714002,True,421
2,10,10.749606430168166,9.18696905915404,12.312243801182293,3.125274742028253,True,421
2,9,9.798892664055826,8.425398116376263,11.172387211735389,2.746989095359126,True,421
2,8,6.368328597107357,4.564893772379417,8.171763421835298,3.6068696494558807,True,421
2,4,5.394223761017154,3.882572310713627,6.905875211320682,3.023302900607055,True,421
2,3,0.3556996066934399,-1.3522145252697064,2.0636137386565863,3.4158282639262927,False,421
2,2,3.7162028039246273,2.163964915265516,5.268440692583739,3.104475777318223,False,421
2,1,-0.9790218337061083,-2.2227789287037414,0.264735261291525,2.4875141899952666,False,421
2,10,9.660632171486986,8.057920700875425,11.263343642098548,3.205422941223123,True,421
2,7,8.59685301704005,6.800432182750265,10.393273851329836,3.5928416685795703,True,421
2,6,6.179408503330604,4.595894108801537,7.762922897859672,3.1670287890581346,True,421
2,5,6.225047776570355,4.509101490799249,7.940994062341461,3.431892571542212,True,421
2,11,11.927992939564898,10.172472605540168,13.683513273589629,3.5110406680494606,True,421
2,6,7.929402920106901,6.573245032247318,9.285560807966485,2.7123157757191674,False,421
2,4,5.593314776370567,4.246916817146427,6.939712735594708,2.6927959184482813,False,421
2,8,7.319383537195337,5.730166441981367,8.908600632409307,3.1784341904279403,True,421
2,3,3.9494124506901978,2.4818997887345167,5.416925112645879,2.9350253239113626,True,421
2,1,-1.2898277925466197,-3.0183567055581637,0.43870112046492404,3.457057826023088,False,421
2,10,9.913142638993323,8.147995231218399,11.678290046768247,3.5302948155498477,True,421
2,11,12.227727101957809,10.795277955755555,13.660176248160063,2.864898292404508,True,421
2,7,7.200771481368999,5.839262934473197,8.562280028264802,2.7230170937916043,True,421
2,5,5.6699595972756285,3.977546400330531,7.362372794220725,3.384826393890194,True,421
2,2,1.6800914360513128,0.29549282908101393,3.0646900430216117,2.769197213940598,True,421
2,9,10.693604156302714,8.975572907767388,12.411635404838039,3.436062497070651,True,421
2,5,4.879376339436511,3.40412765571563,6.354625023157391,2.950497367441761,True,421
2,6,5.30182472639392,3.678176021025178,6.925473431762661,3.2472974107374832,True,421
2,7,8.329776118853582,7.054293624499547,9.605258613207617,2.5509649887080705,False,421
2,4,1.89226011645331,0.2952044075001692,3.4893158254064507,3.1941114179062815,False,421
2,9,9.751550015276017,8.259240754817956,11.243859275734078,2.984618520916122,True,421
2,12,10.436272688659292,8.861890337406486,12.010655039912098,3.1487647025056127,True,421
2,11,12.916890243857248,11.597292262743208,14.236488224971287,2.6391959622280794,False,421
2,1,0.6084591201298069,-1.0573846992928853,2.274302939552499,3.331687638845384,True,421
2,2,2.202477081229533,0.45998792669822075,3.944966235760845,3.4849783090626243,True,421
2,10,10.618855594966183,9.269599969977598,11.968111219954768,2.6985112499771695,True,421
2,3,0.10547310552876388,-1.170118487264508,1.3810646983220358,2.551183185586544,False,421
2,8,7.024122737664715,5.792401384957845,8.255844090371586,2.4634427054137404,True,421
2,3,4.56531886392983,2.957238877326696,6.173398850532965,3.2161599732062687,True,421
2,10,11.301647536256333,9.714796299623629,12.888498772889037,3.1737024732654078,True,421
2,8,8.424548308092824,6.874458482887526,9.974638133298122,3.1001796504105954,True,421
2,7,4.975804642861715,3.617292843692458,6.334316442030972,2.717023598338514,False,421
2,6,6.878255191287868,5.4229904084467115,8.333519974129025,2.910529565682314,True,421
2,4,5.070099385308168,3.490928122624851,6.649270647991486,3.158342525366635,True,421
2,2,2.0705258196856176,0.550827058260003,3.590224581111232,3.039397522851229,True,421
2,1,2.8347564258871856,1.0161909725830574,4.653321879191314,3.637130906608256,False,421
2,11,9.974852314804815,8.67447265208195,11.27523197752768,2.600759325445729,True,421
2,12,11.235213633750037,9.594768981853068,12.875658285647006,3.2808893037939377,True,421
2,9,5.273082631371278,3.8096539411851325,6.736511321557424,2.926857380372292,False,421
2,5,6.3797412652214955,4.901777099603438,7.857705430839553,2.955928331236114,True,421
2,12,12.4707929452052,10.816681771841257,14.124904118569145,3.308222346727888,True,421
2,7,4.477269512300156,2.838473374860723,6.116065649739589,3.277592274878866,False,421
2,6,3.362101500008779,1.54142368517538,5.182779314842177,3.6413556296667973,False,421
2,4,2.691054058943484,1.3955714014290732,3.986536716457895,2.5909653150288214,False,421
2,10,11.190486912970531,9.909785506378702,12.47118831956236,2.5614028131836584,True,421
2,5,4.549459267867057,2.891245041174697,6.207673494559417,3.31642845338472,True,421
2,2,0.7928196250095128,-0.7765585451417216,2.362197795160747,3.1387563403024688,True,421
2,13,11.490826160374755,10.106620367995353,12.875031952754158,2.7684115847588053,False,421
2,8,6.4236320632577195,5.15795880733309,7.689305319182349,2.531346511849259,False,421
2,3,0.09948254833865988,-1.1699881062490343,1.368953202926354,2.5389413091753883,False,421
2,11,9.188906252530439,7.427308740151545,10.950503764909332,3.5231950247577863,False,421
2,9,7.394132880484249,6.060016302172107,8.728249458796391,2.668233156624284,False,421
2,1,2.023934854685719,0.6097760305447388,3.4380936788266996,2.8283176482819608,True,421
2,2,1.7514154202800774,0.3961238901245838,3.106706950435571,2.710583060310987,True,421
2,12,10.761622735473809,9.328214983990769,12.195030486956849,2.8668155029660802,True,421
2,9,12.46458413310928,11.204994820824492,13.724173445394069,2.5191786245695766,False,421
2,7,6.004154629680001,4.470886903613834,7.537422355746169,3.066535452132335,True,421
2,4,5.750654371575454,4.49216752453566,7.009141218615248,2.5169736940795886,False,421
2,1,3.431662836681573,1.7271791755870292,5.136146497776117,3.4089673221890884,False,421
2,10,7.645059493513985,6.285473406324502,9.00464558070347,2.7191721743789676,False,421
2,13,13.110944446110352,11.564923860754407,14.656965031466298,3.092041170711891,True,421
2,6,5.223699523637664,3.4706913856752566,6.976707661600071,3.5060162759248144,True,421
2,5,4.101613405160997,2.4881127132009375,5.715114097121056,3.2270013839201184,True,421
2,8,8.833065225210362,7.291338252462783,10.374792197957941,3.083453945495158,True,421
2,11,10.065694255365074,8.650949777635514,11.480438733094633,2.8294889554591194,True,421
2,3,2.256046430510294,0.8360259327622042,3.676066928258384,2.84004099549618,True,421
2,16,15.747827656562059,14.122999929831426,17.37265538329269,3.2496554534612656,True,421
2,12,11.439901097435145,9.617468272905194,13.262333921965096,3.644865649059902,True,421
2,9,7.239644689481812,5.6194719025934905,8.859817476370134,3.2403455737766436,False,421
2,6,7.193859757271211,5.637022250565322,8.750697263977099,3.1136750134117763,True,421
2,11,12.5727964077614,10.910740463862446,14.234852351660354,3.3241118877979083,True,421
2,10,10.515427884302825,9.014939401626135,12.015916366979516,3.000976965353381,True,421
2,8,7.4351710234666015,6.1812310509369235,8.68911099599628,2.507879945059357,True,421
2,7,5.9421838955053286,4.382599233574307,7.50176855743635,3.1191693238620424,True,421
2,4,2.9445699056103303,1.1443619824413889,4.744777828779272,3.6004158463378833,True,421
2,14,17.536064547549064,16.212030156634036,18.86009893846409,2.6480687818300552,False,421
2,13,14.406757452349966,12.76944114213712,16.04407376256281,3.27463262042569,True,421
2,15,13.739834882124992,12.400199910294512,15.079469853955471,2.679269943660959,True,421
2,5,5.247046741155711,3.703572957206429,6.790520525104993,3.086947567898564,True,421
2,2,1.4561974623509566,0.18002039666598635,2.732374528035927,2.552354131369941,True,421
2,1,1.875700564234436,0.3842414543652872,3.3671596741035845,2.9829182197382975,True,421
2,3,3.8152486541840127,2.1376639079964397,5.492833400371586,3.355169492375146,True,421
2,9,10.625414480858206,9.19652594643808,12.054303015278332,2.857777068840253,False,421
2,11,9.724165312006706,8.102122375702152,11.34620824831126,3.2440858726091086,True,421
2,5,5.1571029479571955,3.455605738489847,6.858600157424544,3.402994418934697,True,421
2,10,7.3771795225637105,5.595503956440551,9.15885508868687,3.5633511322463196,False,421
2,4,2.113989549356733,0.7538374022007137,3.4741416965127527,2.7203042943120392,False,421
2,2,3.326151254838769,1.8657676340828369,4.786534875594701,2.9207672415118644,True,421
2,6,4.573974312892009,3.263870432778228,5.88407819300579,2.6202077602275615,False,421
2,1,-0.26136319707178246,-2.0827881553855137,1.5600617612419487,3.6428499166274624,True,421
2,3,2.987582888174926,1.2060149656983379,4.769150810651514,3.563135844953176,True,421
2,8,9.042141546269809,7.496154306305709,10.58812878623391,3.0919744799282007,True,421
2,7,5.408759806248856,3.678908874405074,7.138610738092638,3.4597018636875636,True,421
2,12,6.7787867568598745,5.244363668026958,8.313209845692791,3.068846177665833,False,421
2,8,6.6946651367847325,5.09777598135372,8.291554292215746,3.193778310862027,True,421
2,2,3.808442116929256,2.536861712581307,5.080022521277205,2.543160808695898,False,421
2,1,1.5147025765253106,-0.16233868608374658,3.191743839134368,3.3540825252181143,True,421
2,6,7.98581220568082,6.69074393197484,9.2808804793868,2.5901365474119604,False,421
2,5,3.3022757868009562,1.582142622520584,5.022408951081329,3.440266328560745,True,421
2,10,7.540905598503915,5.84757783580854,9.23423336119929,3.3866555253907507,False,421
2,11,11.69382282897131,10.045100222945084,13.342545434997536,3.297445212052452,True,421
2,4,4.36003410652757,3.120691154914831,5.599377058140308,2.478685903225477,True,421
2,9,9.458331480565887,8.056494021247163,10.86016893988461,2.803674918637448,True,421
2,7,8.399494963975853,7.0220137797567865,9.776976148194919,2.7549623684381324,False,421
2,3,3.6325273858683897,2.1959910258540583,5.069063745882721,2.8730727200286625,True,421
2,4,4.608426389710568,3.3377478378469787,5.879104941574158,2.5413571037271794,True,421
2,3,4.072510520701711,2.284882192416805,5.860138848986618,3.575256656569813,True,421
2,2,2.753624948280541,1.1992106511002747,4.308039245460807,3.1088285943605323,True,421
2,1,2.2861688975761085,0.8828731004889248,3.6894646946632923,2.8065915941743675,True,421
2,9,10.512781237167873,9.053818487108659,11.971743987227088,2.9179255001184288,False,421
2,7,9.297533201861373,7.808002588874096,10.78706381484865,2.9790612259745544,False,421
2,8,7.026213012644481,5.443317928405651,8.609108096883311,3.1657901684776597,True,421
2,11,11.720843161116122,10.189632949458186,13.252053372774057,3.0624204233158707,True,421
2,5,4.4445149471040555,2.6675783660742134,6.221451528133898,3.553873162059684,True,421
2,10,8.7496615190811,7.229843079152418,10.269479959009782,3.0396368798573645,True,421
2,6,4.965689518379451,3.144462673356994,6.786916363401907,3.6424536900449134,True,421
2,11,11.742433276342288,10.006865952061439,13.478000600623137,3.471134648561698,True,421
2,6,6.627378832179001,5.283132099106835,7.971625565251166,2.6884934661443314,True,421
2,3,3.600618043857655,1.816862423211058,5.384373664504253,3.567511241293195,True,421
2,1,0.6614295286460004,-0.6267321522002929,1.9495912094922936,2.5763233616925865,True,421
2,12,12.005122126767615,10.29023440419931,13.72000984933592,3.4297754451366096,True,421
2,4,5.226629043814075,3.777622999184663,6.675635088443487,2.898012089258824,True,421
2,9,6.765910410526041,5.014183374148475,8.517637446903606,3.5034540727551313,False,421
2,10,10.036963147642876,8.291272642264142,11.78265365302161,3.4913810107574683,True,421
2,8,8.134934222190184,6.427060961985259,9.84280748239511,3.4157465204098507,True,421
2,7,8.129956403616474,6.431757878050909,9.828154929182038,3.396397051131129,True,421
2,5,2.9746273820857625,1.5718460127547549,4.37740875141677,2.8055627386620148,False,421
2,2,4.2427006182761176,2.976114414658922,5.509286821893314,2.533172407234392,False,421
2,3,3.320445636642765,1.8578317011677032,4.783059572117827,2.925227870950123,True,421
2,11,11.399870820042404,10.076918898587282,12.722822741497525,2.6459038429102435,True,421
2,10,9.39793036400166,7.757603467889695,11.038257260113625,3.28065379222393,True,421
2,7,7.807033532195266,6.379040831975934,9.235026232414599,2.855985400438665,True,421
2,6,6.071931075424659,4.260776333167923,7.883085817681394,3.6223094845134707,True,421
2,5,6.813472916159698,5.206001245082173,8.420944587237223,3.21494334215505,False,421
2,12,9.837758627904577,8.119808791505797,11.555708464303358,3.435899672797561,False,421
2,1,1.263318744835762,-0.03467793930644336,2.5613154289779674,2.595993368284411,True,421
2,9,9.612768522566139,7.870755707689536,11.354781337442741,3.484025629753205,True,421
2,8,7.720441408455362,5.941456531829543,9.499426285081181,3.557969753251639,True,421
2,2,1.3930012650394308,-0.12079042288169495,2.9067929529605565,3.0275833758422515,True,421
2,4,3.455564081546939,1.869224793435844,5.0419033696580335,3.1726785762221894,True,421
2,6,6.261958904051742,4.579111338568785,7.944806469534699,3.365695130965914,True,421
2,8,5.2850616485289414,3.9613098707364367,6.608813426321446,2.6475035555850095,False,421
2,7,8.447522441594845,6.924293889720763,9.970750993468927,3.046457103748164,True,421
2,3,2.279802198456224,0.819815968885476,3.739788428026972,2.919972459141496,True,421
2,5,5.191704046050174,3.885277742820752,6.498130349279596,2.612852606458844,True,421
2,4,4.550653400182101,3.1096141151473224,5.99169268521688,2.8820785700695577,True,421
2,2,1.2112919190305649,-0.04753562661540567,2.4701194646765354,2.517655091291941,True,421
2,13,12.803442389501505,11.570398208804917,14.036486570198093,2.466088361393176,True,421
2,10,6.947139639061744,5.647535091062842,8.246744187060646,2.5992090959978036,False,421
2,12,13.098185410999609,11.294636013078998,14.901734808920219,3.607098795841221,True,421
2,11,12.620103500483246,11.068289856301814,14.171917144664679,3.1036272883628655,False,421
2,9,6.44850967209187,4.64331258333661,8.25370676084713,3.6103941775105204,False,421
2,1,0.3902606849556072,-1.0903196903213332,1.8708410602325476,2.961160750553881,True,421
2,5,3.155195932638778,1.74807051296755,4.562321352310006,2.814250839342456,False,421
2,2,1.7333895177688912,0.2079845039201289,3.2587945316176534,3.0508100276975245,True,421
2,12,12.972954502081441,11.488105054266876,14.457803949896006,2.9696988956291293,True,421
2,8,9.480963348884938,8.199315444397623,10.762611253372253,2.5632958089746296,False,421
2,4,5.682779784140273,4.075396833932167,7.290162734348378,3.214765900416211,False,421
2,3,4.965815737038319,3.616987163284143,6.314644310792495,2.697657147508352,False,421
2,9,8.666380832316651,7.071924963768839,10.260836700864463,3.1889117370956237,True,421
2,7,5.279562056899842,3.6664729919934986,6.8926511218061846,3.226178129812686,False,421
2,11,10.828114549538046,9.518248755600409,12.137980343475684,2.6197315878752754,True,421
2,1,1.949901253455364,0.6952264470873373,3.2045760598233906,2.5093496127360533,True,421
2,10,8.159110328618715,6.466553443231724,9.851667214005705,3.3851137707739802,False,421
2,6,8.490205430172363,6.993006905571437,9.987403954773288,2.9943970492018517,False,421
2,10,11.346832808140512,10.094097111276179,12.599568505004845,2.5054713937286657,False,421
2,7,6.690149247353006,4.867273948969008,8.513024545737006,3.6457505967679973,True,421
2,6,4.933692104383138,3.681189669590016,6.1861945391762605,2.5050048695862444,True,421
2,5,3.9963183783310354,2.3559402690324625,5.636696487629608,3.280756218597146,True,421
2,2,2.111309320700233,0.2952434148565686,3.927375226543897,3.6321318116873282,True,421
2,1,0.6558960959044716,-0.7070181941949553,2.0188103860038984,2.7258285801988538,True,421
2,12,13.425754132923938,12.121838350516331,14.729669915331545,2.607831564815214,False,421
2,4,3.4855362575460562,2.194319957750938,4.776752557341174,2.5824325995902364,True,421
2,9,9.758252715917237,8.356325909431094,11.16017952240338,2.8038536129722864,True,421
2,8,7.956612673737695,6.677776123435881,9.235449224039508,2.557673100603627,True,421
2,3,3.4045040360956063,1.7658751661177778,5.043132906073435,3.2772577399556573,True,421
2,11,10.654915346605426,9.399667072143595,11.910163621067257,2.510496548923662,True,421
2,10,11.061573311874431,9.534171709873926,12.588974913874937,3.0548032040010114,True,421
2,6,7.083810120435116,5.2598206353899375,8.907799605480294,3.6479789700903567,True,421
2,4,4.689893538733217,2.9771236346938865,6.402663442772547,3.4255398080786605,True,421
2,3,3.9112714907242565,2.3194745926543145,5.5030683887941985,3.183593796139884,True,421
2,11,9.583446833685421,8.179707129833304,10.98718653753754,2.8074794077042355,False,421
2,12,12.48486864436347,10.887790712007293,14.081946576719647,3.1941558647123536,True,421
2,5,6.8738026512313,5.335676746863742,8.411928555598859,3.076251808735117,False,421
2,2,2.737106850529246,1.2604307642013064,4.213782936857186,2.9533521726558796,True,421
2,1,-0.5460762542022848,-1.8429686368448197,0.7508161284402501,2.59378476528507,False,421
2,8,7.9253502355263725,6.168370469850008,9.682330001202736,3.513959531352728,True,421
2,9,9.562466907509563,8.071364651260318,11.053569163758809,2.982204512498491,True,421
2,7,5.863900724652536,4.528107155790964,7.199694293514109,2.6715871377231455,True,421
2,8,5.96259320491497,4.52141701334766,7.40376939648228,2.88235238313462,False,421
2,9,8.52585319734521,7.056452887972603,9.995253506717818,2.9388006187452147,True,421
2,6,4.888751388048446,3.167723322280075,6.609779453816817,3.4420561315367415,True,421
2,3,2.9785664529150466,1.314706499946673,4.64242640588342,3.3277199059367466,True,421
2,1,-1.3871069712444326,-3.072690549840795,0.2984766073519298,3.3711671571927244,False,421
2,13,13.847051593804235,12.623003897521997,15.071099290086472,2.4480953925644755,True,421
2,11,10.048092447059965,8.577460046834549,11.51872484728538,2.9412648004508313,True,421
2,5,6.493628355022034,4.983316881393334,8.003939828650735,3.020622947257401,True,421
2,10,9.584651740305432,8.355636707812465,10.813666772798399,2.458030064985934,True,421
2,7,6.961916430423269,5.586443457367125,8.337389403479413,2.7509459461122887,True,421
2,12,11.740447681954624,10.06035127628095,13.420544087628297,3.3601928113473463,True,421
2,4,2.967760464849591,1.6669730239625402,4.268547905736642,2.601574881774102,True,421
2,2,5.70841919340899,4.165260426731512,7.251577960086468,3.086317533354956,False,421
2,9,8.256200732989074,6.907881193554582,9.604520272423565,2.6966390788689836,True,421
2,7,8.535282283698491,7.3105714388652405,9.759993128531741,2.449421689666501,False,421
2,2,0.3595565809049075,-1.0045880396206803,1.7237012014304953,2.7282892410511757,False,421
2,1,1.5581970866397414,-0.25311807218217774,3.3695122454616606,3.6226303176438384,True,421
2,4,4.718308245897754,3.0131059904649744,6.423510501330534,3.4104045108655594,True,421
2,10,9.963734534352806,8.162338883509404,11.765130185196208,3.6027913016868034,True,421
2,6,5.14349292054064,3.6292190924707945,6.657766748610486,3.0285476561396916,True,421
2,11,10.605017146079055,9.320891046484014,11.889143245674095,2.5682521991900806,True,421
2,3,2.3950657470403196,0.8442077380849984,3.945923755995641,3.1017160179106424,True,421
2,12,15.603039422753184,14.109141751784355,17.096937093722016,2.9877953419376606,False,421
2,8,7.9660953658327704,6.234830021471924,9.697360710193617,3.462530688721693,True,421
2,5,5.787333167995926,4.5103002371585825,7.064366098833269,2.5540658616746867,True,421
2,10,12.672437635638051,11.157928196904129,14.186947074371973,3.029018877467845,False,421
2,6,4.685521998038728,3.376859044128323,5.994184951949133,2.6173259078208098,False,421
2,4,4.056490349751907,2.64153760225149,5.471443097252323,2.8299054950008333,True,421
2,12,11.596220802477916,9.930082794707875,13.262358810247957,3.3322760155400815,True,421
2,3,2.870792331774954,1.3637226303658314,4.377862033184076,3.0141394028182447,True,421
2,13,12.731482049323771,11.285358046431714,14.177606052215829,2.892248005784115,True,421
2,7,5.902184371554674,4.4447464766650455,7.359622266444303,2.9148757897792574,True,421
2,5,5.293115427494949,3.7961321611251715,6.790098693864726,2.9939665327395546,True,421
2,2,0.4060508338758477,-1.2890959024729742,2.1011975702246697,3.390293472697644,True,421
2,8,9.483324105963527,7.723008558628571,11.243639653298484,3.5206310946699126,True,421
2,1,1.9349647099819056,0.13615099746318138,3.73377842250063,3.597627425037449,True,421
2,11,10.259805775453977,8.563510581019921,11.956100969888032,3.3925903888681113,True,421
2,9,8.332525017939211,6.923214020727254,9.741836015151168,2.818621994423914,True,421
2,11,11.41326584352238,9.777087852417704,13.049443834627056,3.2723559822093513,True,421
2,8,6.802182026590726,5.318494258415678,8.285869794765775,2.9673755363500973,True,421
2,6,8.717970186202308,7.345627334250278,10.090313038154338,2.744685703904061,False,421
2,9,9.536888593037652,7.807744758360407,11.266032427714897,3.4582876693544904,True,421
2,7,7.589894727075516,6.349172556007114,8.830616898143917,2.481444342136803,True,421
2,5,6.022167620535929,4.255961821322835,7.788373419749023,3.5324115984261883,True,421
2,2,1.1308050888948946,-0.36741419457336044,2.6290243723631495,2.9964385669365097,True,421
2,12,13.63351497267716,12.028338340459854,15.238691604894466,3.2103532644346124,False,421
2,1,1.171800049323196,-0.4468600379927239,2.7904601366391155,3.237320174631839,True,421
2,3,4.425218206498248,2.6630565416548695,6.187379871341626,3.524323329686757,True,421
2,4,3.7030703101475044,2.098217363601731,5.307923256693278,3.209705893091547,True,421
2,10,11.975917340096778,10.38490309817282,13.566931582020736,3.1820284838479154,False,421
2,13,13.602015440537185,12.344113231849246,14.859917649225125,2.515804417375879,True,421
2,8,11.27376053626563,9.74088952024165,12.80663155228961,3.065742032047961,False,421
2,6,5.445717574766655,4.136981376269349,6.754453773263961,2.6174723969946125,True,421
2,7,7.306824094136118,5.64063940690764,8.973008781364596,3.332369374456956,True,421
2,3,1.4526356296947631,-0.07647011277321814,2.9817413721627446,3.0582114849359625,False,421
2,1,0.20605264368067022,-1.425312664597481,1.8374179519588214,3.2627306165563024,True,421
2,9,9.928029821771858,8.68533158293854,11.170728060605176,2.4853964776666366,True,421
2,12,13.693986656309251,12.425043249209372,14.96293006340913,2.5378868141997586,False,421
2,2,6.447515527581084,4.794180025380264,8.100851029781904,3.3066710044016396,False,421
2,11,10.855056640065168,9.593847974220642,12.116265305909694,2.522417331689052,True,421
2,10,8.600179888531603,7.339474960231815,9.86088481683139,2.5214098565995755,False,421
2,4,5.129988640565862,3.9052852819728936,6.354691999158829,2.4494067171859357,True,421
2,5,3.308259169248041,1.5087353181497571,5.107783020346325,3.599047702196568,True,421
2,11,11.846416082040104,10.180185993916055,13.512646170164153,3.332460176248098,True,421
2,10,9.246616425708815,7.814270735067225,10.678962116350405,2.86469138128318,True,421
2,8,8.31739245557059,6.9195677984268364,9.715217112714342,2.7956493142875054,True,421
2,7,8.636569153247,7.206383120741694,10.066755185752308,2.8603720650106146,False,421
2,5,4.833899856378956,3.1450607404000097,6.522738972357902,3.3776782319578924,True,421
2,4,5.399318626492932,3.7794310478880733,7.019206205097792,3.2397751572097184,True,421
2,2,3.3097378229287235,1.9796821206200579,4.639793525237389,2.660111404617331,True,421
2,1,-1.7964972924636422,-3.119805174570322,-0.4731894103569625,2.64661576421336,False,421
2,12,10.647598880946642,9.370375395487754,11.92482236640553,2.554446970917777,False,421
2,9,6.657289707906792,5.038052119181911,8.276527296631674,3.2384751774497627,False,421
2,3,6.002605653795203,4.3200241600562395,7.685187147534166,3.3651629874779267,False,421
2,6,5.84191211184401,4.463253852470191,7.220570371217829,2.757316518747638,True,421
2,10,12.671243819449964,11.441161986502483,13.901325652397446,2.4601636658949637,False,421
2,3,0.5505715791870252,-0.7167769090836269,1.8179200674576772,2.534696976541304,False,421
2,1,0.14084736317721125,-1.6655901113651304,1.947284837719553,3.6128749490846834,True,421
2,11,12.200747362648958,10.803586641424367,13.597908083873548,2.7943214424491813,True,421
2,8,8.268911906640026,6.583378083989215,9.954445729290837,3.371067645301622,True,421
2,6,6.799289839220188,5.201744613644227,8.39683506479615,3.1950904511519234,True,421
2,5,3.1192876493101145,1.6694803886413851,4.569094909978844,2.899614521337459,False,421
2,13,15.065205239318395,13.7226769257287,16.40773355290809,2.6850566271793905,False,421
2,2,3.165524143635934,1.874306943782908,4.456741343488959,2.582434399706051,True,421
2,12,12.60243825823721,11.010767031690888,14.194109484783533,3.1833424530926457,True,421
2,9,7.971584578377288,6.282757483895755,9.660411672858823,3.377654188963068,True,421
2,4,4.485700191408918,2.876443802420216,6.09495658039762,3.2185127779774034,True,421
2,7,6.562765031509764,5.022654466405443,8.102875596614085,3.080221130208642,True,421
2,10,7.524263184943358,6.281395540281302,8.767130829605414,2.4857352893241114,False,421
2,9,8.924365722417768,7.117545553121987,10.73118589171355,3.613640338591562,True,421
2,8,7.764904402666211,6.061420364679127,9.468388440653296,3.406968075974169,True,421
2,7,8.59360226481268,7.198037918474027,9.989166611151335,2.791128692677308,False,421
2,6,2.648360336528696,0.8345517293922751,4.462168943665117,3.627617214272842,False,421
2,5,5.352799743282051,3.7691211490567427,6.93647833750736,3.1673571884506173,True,421
2,4,2.266647927841424,0.6948133365459468,3.8384825191369014,3.143669182590955,False,421
2,3,3.47883501329332,1.8061744714138779,5.151495555172762,3.3453210837588836,True,421
2,2,2.5614200833659586,0.8499895390150947,4.272850627716823,3.422861088701728,True,421
2,1,0.8697328343047124,-0.7471771446910624,2.486642813300487,3.2338199579915496,True,421
2,5,6.2109396872166265,4.915638742928399,7.506240631504854,2.5906018885764546,True,421
2,3,1.1313509113504514,-0.2918745772982001,2.554576399999103,2.8464509772973035,False,421
2,11,12.66158067542255,10.879353766344096,14.443807584501005,3.5644538181569096,True,421
2,8,6.937881700708788,5.583832331633163,8.291931069784413,2.70809873815125,True,421
2,2,-0.33384797573484315,-1.7777069709106097,1.1100110194409234,2.887717990351533,False,421
2,12,11.591406044250286,10.111081914831585,13.071730173668987,2.960648258837402,True,421
2,9,5.857263715980022,4.3724792122526654,7.342048219707378,2.9695690074547123,False,421
2,7,7.381260838369303,5.790851612490968,8.971670064247638,3.1808184517566698,True,421
2,13,12.611124336129661,10.819772176222383,14.40247649603694,3.5827043198145567,True,421
2,1,2.850530382064054,1.4866954181286693,4.214365345999439,2.7276699278707692,False,421
2,10,10.973386315760493,9.682099144718666,12.26467348680232,2.582574342083653,True,421
2,4,1.9120054942179845,0.5744784560565692,3.2495325323793995,2.67505407632283,False,421
2,6,4.7424187633231725,2.985243807395797,6.499593719250548,3.514349911854751,True,421
2,7,7.780996630801313,6.170579782831845,9.391413478770783,3.2208336959389383,True,421
2,5,6.270618514977552,4.879263249260649,7.661973780694455,2.782710531433805,True,421
2,2,3.8337513723303207,2.119778335478089,5.547724409182552,3.4279460737044634,False,421
2,11,12.821763927958022,11.080143390171477,14.563384465744567,3.4832410755730905,False,421
2,10,9.865716084628142,8.133137690478659,11.598294478777625,3.465156788298966,True,421
2,9,9.543983433376754,7.767330149901478,11.320636716852029,3.5533065669505506,True,421
2,6,7.948107755915695,6.577243721636842,9.318971790194547,2.7417280685577055,False,421
2,12,11.545037307096077,9.868135119799176,13.221939494392979,3.3538043745938033,True,421
2,4,4.569589280410185,3.0719409064026584,6.0672376544177125,2.995296748015054,True,421
2,3,2.5096788304805226,0.7798490446214386,4.239508616339607,3.459659571718168,True,421
2,8,7.173577828301859,5.5128365028028234,8.834319153800894,3.321482650998071,True,421
2,1,1.0725776774287052,-0.6173533350074607,2.7625086898648714,3.379862024872332,True,421
2,13,11.968684822990612,10.351967651122067,13.585401994859158,3.233434343737091,True,421
2,12,11.803626040845376,10.478297729828148,13.128954351862605,2.6506566220344574,True,421
2,8,6.447567703201801,4.898494651899864,7.996640754503738,3.0981461026038737,False,421
2,5,4.7150084192264305,2.89833943776918,6.531677400683681,3.633337962914501,True,421
2,4,4.672585440423792,2.8846952372825463,6.460475643565038,3.575780406282492,True,421
2,15,14.116854695689806,12.873242948501359,15.360466442878254,2.487223494376895,True,421
2,11,11.013937628796368,9.696287010955718,12.331588246637018,2.6353012356813004,True,421
2,6,6.209013890431897,4.911501643655887,7.506526137207906,2.5950244935520193,True,421
2,2,2.678802337732002,1.0195892325209521,4.3380154429430515,3.3184262104220994,True,421
2,7,6.799630238042177,5.084538233935916,8.514722242148437,3.430184008212521,True,421
2,3,4.6287995128017085,3.281508927840613,5.976090097762804,2.6945811699221913,False,421
2,1,-2.151378292177877,-3.6766072979545568,-0.6261492864011968,3.05045801155336,False,421
2,14,18.406629270751658,16.677588027702175,20.13567051380114,3.4580824860989665,False,421
2,10,8.693299353943726,7.029934147029334,10.356664560858118,3.326730413828783,True,421
2,9,9.605085035031117,8.057709989288412,11.152460080773821,3.094750091485409,True,421
2,15,13.592298134691227,12.015639840431987,15.168956428950466,3.1533165885184786,True,421
2,13,13.966402239263953,12.439646786374244,15.493157692153662,3.0535109057794187,True,421
2,6,6.414853728892392,5.016412571523003,7.81329488626178,2.7968823147387774,True,421
2,12,11.023929693982366,9.462686307662178,12.585173080302553,3.122486772640375,True,421
2,9,10.60963101811547,8.972996164267649,12.246265871963292,3.2732697076956434,True,421
2,5,4.754058680597118,3.005162799143173,6.5029545620510625,3.4977917629078896,True,421
2,1,1.820823907085506,0.21620123629680332,3.4254465778742085,3.209245341577405,True,421
2,3,1.6242602922059461,-0.056342350007656083,3.3048629344195484,3.3612052844272045,True,421
2,11,10.95366854664263,9.638904944833612,12.268432148451648,2.6295272036180357,True,421
2,7,10.005110900773158,8.506842918009646,11.50337888353667,2.9965359655270234,False,421
2,8,9.444448293671195,8.221435114403103,10.667461472939287,2.4460263585361837,False,421
2,2,2.461431133176578,1.0939525976377498,3.828909668715406,2.7349570710776563,True,421
2,14,13.326618758585306,11.667112394653191,14.986125122517421,3.31901272786423,True,421
2,10,10.101247803812512,8.280232813424533,11.922262794200492,3.642029980775959,True,421
2,4,4.2963489852585734,3.018649248643155,5.574048721873992,2.555399473230837,True,421
2,16,16.67384265237962,15.212133112125382,18.135552192633856,2.9234190805084737,True,421
2,14,12.385009237733502,10.68069937478528,14.089319100681724,3.4086197258964432,True,421
2,12,13.002611941413548,11.661088918469424,14.344134964357671,2.683046045888247,True,421
2,11,9.36561035255802,7.810415313416028,10.920805391700013,3.1103900782839844,False,421
2,6,8.446688778422807,6.783159382906078,10.110218173939536,3.3270587910334584,False,421
2,5,3.8425575163746823,2.2502943723163202,5.4348206604330445,3.1845262881167242,True,421
2,3,3.444942479514263,2.1131647577116794,4.776720201316847,2.6635554436051674,True,421
2,13,14.507713859917027,13.074069785776974,15.94135793405708,2.8672881482801067,False,421
2,10,9.621429934803325,7.927028668646547,11.315831200960105,3.3888025323135578,True,421
2,9,9.510900028649788,7.956227490381433,11.065572566918142,3.1093450765367088,True,421
2,8,10.152772323785078,8.932255899008624,11.373288748561531,2.441032849552908,False,421
2,1,1.8466044818398992,0.16608143923613294,3.5271275244436655,3.3610460852075326,True,421
2,15,15.53332594451153,14.294499766471237,16.772152122551823,2.4776523560805863,True,421
2,7,4.4728219077693065,2.8015852786802298,6.144058536858383,3.342473258178153,False,421
2,4,2.599416620889666,1.258840119935758,3.939993121843574,2.6811530019078162,False,421
2,2,3.570380191475018,1.7698994665756889,5.3708609163743475,3.6009614497986586,True,421
2,13,13.854925458012074,12.413638854052872,15.296212061971277,2.882573207918405,True,421
2,10,11.082199410677612,9.665873700199835,12.498525121155389,2.8326514209555533,True,421
2,7,7.953095398322346,6.645138871686664,9.261051924958029,2.615913053271364,True,421
2,5,6.934634792563061,5.531290360068017,8.337979225058106,2.8066888649900887,False,421
2,1,0.6079001125673158,-1.1430213177987822,2.3588215429334136,3.5018428607321956,True,421
2,11,11.180749938183952,9.356981104681502,13.004518771686403,3.647537667004901,True,421
2,14,12.456988500306373,11.015477432737871,13.898499567874875,2.8830221351370042,False,421
2,12,10.082966124845436,8.59257845413777,11.573353795553102,2.980775341415331,False,421
2,2,-0.4656110733820866,-2.122444917768153,1.1912227710039793,3.3136676887721324,False,421
2,8,6.672254751500228,4.9155235864571525,8.428985916543304,3.513462330086152,True,421
2,6,8.328842723234462,6.750543071826106,9.907142374642818,3.156599302816712,False,421
2,9,6.670909398275944,5.215267423318371,8.126551373233516,2.911283949915145,False,421
2,4,3.5446960216342034,2.076213527837674,5.013178515430733,2.9369649875930586,True,421
2,3,1.0602820145307632,-0.5804508973036264,2.701014926365153,3.2814658236687793,False,421
2,12,11.098539055494959,9.879246872381154,12.317831238608763,2.4385843662276088,True,421
2,10,10.25454068852803,8.660083978460806,11.848997398595253,3.1889134201344476,True,421
2,10,8.949826190192487,7.516116111170515,10.38353626921446,2.867420158043945,True,421
2,3,4.6344972975246925,2.933762521887374,6.335232073162011,3.401469551274637,True,421
2,6,8.30096718127435,7.0270335451686705,9.57490081738003,2.5478672722113593,False,421
2,5,1.6263564079160915,0.051003961433504275,3.201708854398679,3.150704892965175,False,421
2,4,2.975511504473316,1.4654260054959618,4.48559700345067,3.0201709979547084,True,421
2,2,2.0887131834086334,0.4804177133076515,3.6970086535096156,3.2165909402019643,True,421
2,12,13.68917553902307,12.432367984514437,14.945983093531703,2.513615109017266,False,421
2,9,8.318633587270106,6.748283455322184,9.888983719218029,3.1407002638958446,True,421
2,8,7.970096907131285,6.411006621259921,9.529187193002649,3.1181805717427276,True,421
2,7,5.264883662422077,3.7062952182874342,6.8234721065567205,3.1171768882692863,False,421
2,1,-1.2991937783935184,-2.8838499381285603,0.2854623813415236,3.169312319470084,False,421
2,13,15.1680770343744,13.539000216582622,16.79715385216618,3.2581536355835574,False,421
2,8,5.2638951891605945,3.5565918846882325,6.971198493632956,3.4146066089447236,False,421
2,5,8.49292851263235,7.111364300980977,9.874492724283723,2.7631284233027458,False,421
2,13,14.087727099072612,12.36821369140968,15.807240506735544,3.439026815325864,True,421
2,3,4.019959613275134,2.4993546546707783,5.540564571879489,3.041209917208711,True,421
2,7,7.863203001241645,6.598966862008549,9.127439140474742,2.528472278466193,True,421
2,1,0.6209714679985541,-0.6319998642679481,1.8739428002650562,2.5059426645330043,True,421
2,11,11.588126794551304,10.167353737904968,13.00889985119764,2.8415461132926723,True,421
2,12,11.716654968323287,10.021581008254774,13.411728928391799,3.390147920137025,True,421
2,10,10.82960991466072,9.181534785715083,12.477685043606357,3.2961502578912736,True,421
2,2,1.9494702096369259,0.25213323447298763,3.6468071848008643,3.394673950327877,True,421
2,9,7.574477725347398,6.042299959659939,9.106655491034857,3.0643555313749182,True,421
2,6,4.694141075607366,3.2088732855184574,6.179408865696274,2.970535580177817,True,421
2,4,2.5235914370612447,1.2165086658060196,3.83067420831647,2.6141655425104506,False,421
3,2,0.9247665190957925,-0.6546318528208028,2.5041648910123877,3.1587967438331903,True,421
3,1,-1.7998049256095898,-3.422254610174579,-0.17735524104460065,3.2448993691299783,False,421
3,5,4.875978971235951,3.4546746396021035,6.297283302869799,2.8426086632676952,True,421
3,4,3.8173787374250745,1.9263283329334768,5.708429141916672,3.782100808983195,True,421
3,3,5.270174614863197,3.413942573085236,7.126406656641157,3.7124640835559206,False,421
3,6,6.946217526832166,5.209490142611298,8.682944911053035,3.473454768441737,True,421
3,9,7.463719763506193,5.847419094353891,9.080020432658493,3.232601338304602,True,421
3,6,8.781138849501282,6.950098525646059,10.612179173356505,3.6620806477104466,False,421
3,5,6.83155054328803,5.47219434792866,8.1909067386474,2.718712390718739,False,421
3,4,4.873146555202924,3.0928013064555473,6.653491803950301,3.5606904974947535,True,421
3,3,2.660273851725252,1.304638172414403,4.015909531036101,2.711271358621698,True,421
3,2,0.5608411449147803,-1.2218652577917404,2.3435475476213012,3.5654128054130414,True,421
3,8,7.4416898358934205,5.989750127349055,8.893629544437786,2.9038794170887314,True,421
3,7,8.63312292955628,6.797539138866675,10.468706720245883,3.6711675813792084,True,421
3,1,3.8268794589019137,1.9485806030413102,5.7051783147625175,3.7565977117212075,False,421
3,10,12.314865292408284,10.94393346392782,13.685797120888747,2.741863656960927,False,421
3,9,8.266725867320588,6.695538831288866,9.83791290335231,3.1423740720634434,True,421
3,8,6.320573850066483,4.41870390279869,8.222443797334277,3.803739894535587,True,421
3,4,4.211329370366806,2.626915426215938,5.795743314517674,3.168827888301736,True,421
3,3,0.34734095165572265,-1.4796023677085572,2.1742842710200025,3.65388663872856,False,421
3,2,2.4847515712771724,0.8331408601573902,4.136362282396955,3.303221422239565,True,421
3,1,0.778596120551997,-0.7368643607007092,2.2940566018047033,3.0309209625054123,True,421
3,10,9.300945247197637,7.842615338772132,10.759275155623142,2.91665981685101,True,421
3,7,4.6079453990998065,3.202289066986883,6.01360173121273,2.811312664225847,False,421
3,6,6.770400159854574,5.008372913755603,8.532427405953545,3.5240544921979415,True,421
3,5,4.200948740507133,2.6783358971540414,5.723561583860225,3.0452256867061838,True,421
3,11,9.245124746434568,7.6429310015504885,10.847318491318648,3.204387489768159,False,421
3,6,1.691606680077526,0.10150302383677179,3.2817103363182802,3.1802073124815085,False,421
3,4,3.9587276424240456,2.314423621773308,5.603031663074783,3.288608041301475,True,421
3,8,10.658377395004617,8.830139176096154,12.48661561391308,3.656476437816927,False,421
3,3,5.491888821821805,3.590177120615577,7.393600523028033,3.803423402412456,False,421
3,1,0.3143556151205922,-1.2216831099495031,1.8503943401906875,3.0720774501401906,True,421
3,10,9.09668190945733,7.292724837153508,10.900638981761151,3.6079141446076433,True,421
3,11,11.703161384112535,9.939392651122825,13.466930117102246,3.527537465979421,True,421
3,7,5.502421841217563,3.8605103701889076,7.144333312246219,3.283822942057311,True,421
3,5,5.452687849729199,3.566729772104786,7.338645927353612,3.7719161552488263,True,421
3,2,3.1491204175770355,1.7452176766699143,4.553023158484157,2.807805481814243,True,421
3,9,10.840399835826462,9.494689269648923,12.186110402004001,2.691421132355078,False,421
3,5,4.849768885280071,3.0289411503625114,6.67059662019763,3.6416554698351185,True,421
3,6,5.694489374734551,4.138311791722219,7.2506669577468825,3.1123551660246633,True,421
3,7,5.683026119865159,3.866659990881054,7.499392248849263,3.6327322579682093,True,421
3,4,2.75967946894021,0.9138879180255353,4.6054710198548845,3.691583101829349,True,421
3,9,8.66028166214771,7.344433717418743,9.976129606876679,2.6316958894579363,True,421
3,12,12.551048260224267,10.71139774143916,14.390698779009373,3.6793010375702124,True,421
3,11,12.370376939349875,10.808349382024183,13.932404496675566,3.1240551146513837,True,421
3,1,-0.20476842602051715,-1.8064243540052174,1.396887501964183,3.2033118559694005,True,421
3,2,4.239032853439283,2.5632668313618145,5.914798875516751,3.3515320441549363,False,421
3,10,9.593314598436146,7.726282495342351,11.460346701529941,3.7340642061875906,True,421
3,3,2.9679490584773456,1.6797529902311559,4.256145126723535,2.576392136492379,True,421
3,8,6.879182481278265,5.298956348491498,8.459408614065033,3.160452265573535,True,421
3,3,-0.6363603904094122,-2.35112705348011,1.0784062726612855,3.429533326141396,False,421
3,10,11.326068094541574,9.588981055530104,13.063155133553044,3.4741740780229406,True,421
3,8,9.10526584563865,7.3874301543179755,10.823101536959324,3.435671382641349,True,421
3,7,6.57800866432268,5.216239051760298,7.939778276885062,2.723539225124764,True,421
3,6,6.100486075837308,4.633471690456176,7.56750046121844,2.9340287707622643,True,421
3,4,4.773908826556149,3.2690483213400947,6.278769331772204,3.0097210104321093,True,421
3,2,-0.34381878532981425,-2.1330497238293384,1.44541215316971,3.5784618769990484,False,421
3,1,0.20642098398055775,-1.2474278146199271,1.6602697825810426,2.9076975972009698,True,421
3,11,12.19139701943274,10.780967252485464,13.601826786380016,2.820859533894552,True,421
3,12,10.118565865246126,8.23171402909982,12.005417701392432,3.773703672292612,True,421
3,9,9.440336898249944,8.158682122347551,10.721991674152337,2.5633095518047853,True,421
3,5,2.965127293064892,1.0525175871397903,4.877736998989994,3.8252194118502043,False,421
3,12,12.69964497365029,10.991832984979272,14.407456962321309,3.4156239773420367,True,421
3,7,6.946537776553774,5.141974363505238,8.751101189602311,3.6091268260970732,True,421
3,6,3.5773022761417357,2.113335101272864,5.041269451010607,2.9279343497377432,False,421
3,4,5.747109031685757,4.461975884534173,7.0322421788373415,2.5702662943031687,False,421
3,10,8.898112634802926,7.15135188196067,10.644873387645182,3.4935215056845124,True,421
3,5,3.7846213444784285,1.9764370915919973,5.59280559736486,3.6163685057728627,True,421
3,2,2.300853795846414,0.5524300236600688,4.0492775680327595,3.4968475443726907,True,421
3,13,14.722956024143073,13.355817540845138,16.09009450744101,2.7342769665958713,False,421
3,8,6.476267271532405,4.719580257132458,8.232954285932351,3.513374028799893,True,421
3,3,3.0925197747719575,1.3259470397872823,4.859092509756633,3.5331454699693507,True,421
3,11,11.64322475049586,9.947075901498364,13.339373599493355,3.392297697994991,True,421
3,9,10.039658410894717,8.274876445771133,11.8044403760183,3.5295639302471677,True,421
3,1,1.2646623329158377,-0.5510355455985554,3.080360211430231,3.6313957570287863,True,421
3,2,1.4494582413750166,-0.21802118350848199,3.116937666258515,3.334958849766997,True,421
3,12,10.75861466902692,9.426084861514266,12.091144476539576,2.66505961502531,True,421
3,9,9.129215824569561,7.542109282001881,10.716322367137241,3.17421308513536,True,421
3,7,5.39179148202159,4.066251206501106,6.717331757542074,2.651080551040968,False,421
3,4,-0.3820257252419115,-1.9180381790406025,1.1539867285567795,3.072024907597382,False,421
3,1,1.6548397062365017,0.11910576617435109,3.1905736462986525,3.0714678801243016,True,421
3,10,11.355902261629293,10.037787981067819,12.674016542190767,2.636228561122948,False,421
3,13,9.455601346687242,7.957053846014714,10.95414884735977,2.9970950013450555,False,421
3,6,4.485403942935093,3.1385871559062344,5.832220729963952,2.6936335740577175,False,421
3,5,5.928731391507797,4.137077327521913,7.72038545549368,3.583308127971767,True,421
3,8,11.086243204567548,9.205618244002217,12.96686816513288,3.7612499211306627,False,421
3,11,11.031190561513112,9.709052650298547,12.353328472727677,2.6442758224291296,True,421
3,3,1.9079955881562984,0.022632085904192856,3.793359090408404,3.770727004504211,True,421
3,16,15.72565533834274,14.116251467965897,17.335059208719585,3.2188077407536877,True,421
3,12,14.062314628722277,12.595191726187705,15.529437531256848,2.9342458050691427,False,421
3,9,8.031053731313197,6.706015727287005,9.356091735339389,2.650076008052384,True,421
3,6,4.801211990024619,3.2058137069956922,6.396610273053546,3.1907965660578537,True,421
3,11,10.275884716726951,8.492983799341854,12.058785634112049,3.5658018347701947,True,421
3,10,8.57000708761193,6.842885915115777,10.297128260108083,3.4542423449923065,True,421
3,8,8.184005473992194,6.8759612786781785,9.49204966930621,2.6160883906280317,True,421
3,7,9.43701768770434,8.114506316739618,10.759529058669063,2.645022741929445,False,421
3,4,4.484618909674044,2.9515857553544214,6.017652063993666,3.066066308639245,True,421
3,14,13.621469746810568,12.157074411607981,15.085865082013155,2.9287906704051743,True,421
3,13,12.562283096626684,11.138021898516925,13.986544294736444,2.8485223962195185,True,421
3,15,12.655213786955015,11.199932916651255,14.110494657258775,2.9105617406075197,False,421
3,5,6.324664665720738,4.536042675497326,8.113286655944151,3.5772439804468252,True,421
3,2,1.8832442044807969,0.014396706263674064,3.7520917026979195,3.7376949964342456,True,421
3,1,0.7292801296140615,-0.805175389494526,2.263735648722649,3.068911038217175,True,421
3,3,7.7896613517672915,5.935562532406758,9.643760171127825,3.7081976387210673,False,421
3,9,9.44812936254853,7.967015105152381,10.929243619944678,2.9622285147922973,True,421
3,11,9.872313424857223,8.292346627569884,11.452280222144562,3.159933594574678,True,421
3,5,4.360463605691685,2.9402571050850765,5.780670106298293,2.840413001213216,True,421
3,10,11.722668563795132,10.038044848886944,13.40729227870332,3.369247429816376,False,421
3,4,4.1699056158066465,2.269315664325118,6.070495567288175,3.8011799029630566,True,421
3,2,-0.15741696747604994,-1.8184455627517258,1.5036116277996259,3.3220571905513516,False,421
3,6,7.378843401862805,5.87455801619836,8.88312878752725,3.0085707713288894,True,421
3,1,-0.002216128308490939,-1.691523658850448,1.6870914022334662,3.3786150610839143,True,421
3,3,5.8099466643263185,4.455523271465401,7.164370057187236,2.7088467857218355,False,421
3,8,9.620072098571972,7.777107605362648,11.463036591781297,3.6859289864186486,True,421
3,7,6.329017156511873,4.732049595914337,7.925984717109409,3.1939351211950715,True,421
3,12,13.921524542602668,12.358839407181376,15.48420967802396,3.125370270842584,False,421
3,8,8.101783265791106,6.4520015307577605,9.751565000824451,3.2995634700666905,True,421
3,2,3.279160512683329,1.6045484082236903,4.953772617142969,3.3492242089192783,True,421
3,1,1.7270992259417122,0.4053062615691967,3.048892190314228,2.643585928745031,True,421
3,6,4.73046501751369,3.018955230373159,6.441974804654221,3.423019574281062,True,421
3,5,4.034675251523807,2.6043228394824993,5.465027663565115,2.8607048240826156,True,421
3,10,11.544941226371742,9.813439446832538,13.276443005910947,3.463003559078409,True,421
3,11,10.497837001840189,8.697059803023071,12.298614200657306,3.601554397634235,True,421
3,4,3.394527305137005,1.605601777318497,5.183452832955513,3.5778510556370167,True,421
3,9,7.5673161309759704,5.938820513769737,9.195811748182203,3.2569912344124665,True,421
3,7,7.635398598390191,6.027530207095932,9.24326698968445,3.215736782588518,True,421
3,3,6.093787378864717,4.726632515530172,7.460942242199263,2.734309726669091,False,421
3,4,2.398700628618591,0.6280297846613903,4.169371472575792,3.5413416879144015,True,421
3,3,3.036329185009137,1.5871700002841331,4.485488369734141,2.898318369450008,True,421
3,2,4.118330833123144,2.5254391533652942,5.711222512880994,3.1857833595156997,False,421
3,1,0.8805379131314273,-0.5768289581563284,2.337904784419183,2.9147337425755113,True,421
3,9,9.6785576943746,8.317175198780795,11.039940189968405,2.72276499118761,True,421
3,7,5.40640970777968,3.728751897162752,7.084067518396608,3.3553156212338564,True,421
3,8,8.642460645811473,7.331796807594461,9.953124484028486,2.6213276764340243,True,421
3,11,10.719283602493176,8.965647943120661,12.472919261865691,3.5072713187450297,True,421
3,5,6.478594993519795,4.999974618143202,7.957215368896387,2.9572407507531846,True,421
3,10,11.781079077347126,10.504993143210264,13.057165011483988,2.5521718682737244,False,421
3,6,9.88434546302792,8.282245072194566,11.486445853861273,3.2042007816667066,False,421
3,11,11.869449759820363,10.563558242179752,13.175341277460973,2.6117830352812206,True,421
3,6,6.48869447487325,5.036498296983516,7.940890652762984,2.9043923557794677,True,421
3,3,3.2915764523660043,1.5645254533692572,5.018627451362751,3.4541019979934937,True,421
3,1,0.47025056078396754,-0.8457454178107828,1.786246539378718,2.6319919571895007,True,421
3,12,12.507725765192536,10.696227807069405,14.319223723315666,3.6229959162462606,True,421
3,4,3.556897884791456,2.27846077413528,4.8353349954476315,2.5568742213123516,True,421
3,9,9.252691464404421,7.819217835853607,10.686165092955235,2.8669472571016286,True,421
3,10,11.976396303411939,10.227699515586917,13.72509309123696,3.497393575650044,False,421
3,8,6.490186152080538,5.0124057965532405,7.967966507607835,2.955560711054595,False,421
3,7,8.709817841693567,7.36881049810745,10.050825185279685,2.6820146871722343,False,421
3,5,6.975672601009798,5.4698433608151245,8.481501841204471,3.0116584803893467,False,421
3,2,1.822897209513382,0.37438629280005475,3.271408126226709,2.8970218334266544,True,421
3,3,-0.18278234851289188,-1.9964325420913263,1.6308678450655425,3.6273003871568688,False,421
3,11,10.088267019358351,8.612351047939029,11.564182990777674,2.951831942838645,True,421
3,10,11.945491819841664,10.166152902848571,13.724830736834756,3.5586778339861844,False,421
3,7,6.965697906551677,5.120683478162428,8.810712334940925,3.690028856778497,True,421
3,6,4.501046651557633,2.9482711378678075,6.053822165247459,3.105551027379651,True,421
3,5,4.242837618157674,2.386293892378572,6.099381343936776,3.713087451558204,True,421
3,12,13.260930039756829,11.744201121328311,14.777658958185347,3.0334578368570355,True,421
3,1,1.820100352302069,-0.07098167741862005,3.711182382022758,3.782164059441378,True,421
3,9,8.641601851245458,7.308635134598142,9.974568567892774,2.665933433294632,True,421
3,8,7.449763382277968,5.735445090248899,9.164081674307038,3.4286365840581388,True,421
3,2,1.4123627764342672,-0.17869058137725324,3.0034161342457875,3.182106715623041,True,421
3,4,2.616384723252246,1.0930647853715432,4.139704661132949,3.0466398757614064,True,421
3,6,8.423063534204163,6.743393355562555,10.10273371284577,3.359340357283216,False,421
3,8,7.51651929618299,5.791458471720286,9.241580120645693,3.450121648925407,True,421
3,7,8.825737781238244,7.546954015201347,10.10452154727514,2.5575675320737936,False,421
3,3,5.281974077883677,3.8994580072629645,6.66449014850439,2.7650321412414254,False,421
3,5,6.49746634722194,4.766542966917245,8.228389727526636,3.461846760609391,True,421
3,4,3.3525695309229273,1.6514156370600317,5.053723424785823,3.4023077877257917,True,421
3,2,2.605595135504914,0.7132568272328179,4.49793344377701,3.7846766165441927,True,421
3,13,12.963706590413626,11.202164480233627,14.725248700593625,3.5230842203599977,True,421
3,10,8.644447208904808,6.761854221372214,10.527040196437401,3.7651859750651866,True,421
3,12,12.486538922582405,10.762318082603198,14.210759762561612,3.448441679958414,True,421
3,11,9.231440313260297,7.765283004148332,10.697597622372262,2.9323146182239306,False,421
3,9,10.781519082692345,9.438296262296298,12.124741903088392,2.686445640792094,False,421
3,1,0.3030740540524104,-1.4717295707616587,2.0778776788664794,3.549607249628138,True,421
3,5,5.301739483809259,3.6147722805076246,6.988706687110893,3.3739344066032686,True,421
3,2,2.424931807319213,1.1181891314122903,3.7316744832261364,2.6134853518138463,True,421
3,12,11.611642539443885,10.105930342199061,13.117354736688709,3.011424394489648,True,421
3,8,8.880040702212913,6.993602419933938,10.766478984491888,3.77287656455795,True,421
3,4,3.2876445150662135,1.6923885841031052,4.882900446029321,3.190511861926216,True,421
3,3,4.306945946185866,2.7548647574052945,5.859027134966438,3.1041623775611438,True,421
3,9,6.981030479629878,5.413018131538248,8.549042827721507,3.1360246961832594,False,421
3,7,7.189569369319618,5.780302191404323,8.598836547234912,2.8185343558305886,True,421
3,11,13.908393498587428,12.397158323575688,15.419628673599167,3.022470350023479,False,421
3,1,-0.5004969869083622,-2.012437844228181,1.0114438704114566,3.0238817146396375,True,421
3,10,8.983382544212724,7.673980041333116,10.29278504709233,2.6188050057592145,True,421
3,6,6.770861774488372,5.00515362749394,8.536569921482805,3.5314162939888645,True,421
3,10,10.269372672909396,8.727642845354723,11.81110250046407,3.0834596551093476,True,421
3,7,7.525945148910338,5.72539438112146,9.326495916699216,3.6011015355777554,True,421
3,6,6.733780695221495,4.915258670507002,8.55230271993599,3.6370440494289875,True,421
3,5,5.9520822028426545,4.540829995944911,7.363334409740398,2.822504413795487,True,421
3,2,3.664549762934335,1.969158241309793,5.359941284558877,3.390783043249084,True,421
3,1,1.614727985392769,0.03741219433678644,3.1920437764487515,3.154631582111965,True,421
3,12,11.638113518072187,9.800573519278279,13.475653516866094,3.6750799975878152,True,421
3,4,5.008860551804097,3.5952179984895194,6.4225031051186745,2.827285106629155,True,421
3,9,11.849822902342822,10.141378080545014,13.55826772414063,3.416889643595617,False,421
3,8,7.801049380426139,6.137303526428902,9.464795234423375,3.327491707994473,True,421
3,3,1.5382060429940378,0.07380370030320837,3.0026083856848675,2.9288046853816594,True,421
3,11,12.660621003930459,11.29746962740101,14.023772380459906,2.7263027530588957,False,421
3,10,9.819428254069603,8.1276820868851,11.511174421254106,3.3834923343690058,True,421
3,6,2.740995680978946,0.9937705026905188,4.488220859267373,3.494450356576854,False,421
3,4,5.271132515725633,3.7937622704046152,6.74850276104665,2.9547404906420347,True,421
3,3,2.1970077210691157,0.5096045197028796,3.884410922435352,3.3748064027324727,True,421
3,11,10.864200076543758,9.33610655748762,12.392293595599897,3.0561870381122773,True,421
3,12,12.497970495853522,10.766944504319213,14.228996487387832,3.462051983068619,True,421
3,5,5.2857495196686,3.882650174286194,6.688848865051005,2.8061986907648113,True,421
3,2,3.064177725708559,1.2202205540266797,4.908134897390438,3.687914343363758,True,421
3,1,0.34677044414523495,-1.1125968783998048,1.806137766690275,2.9187346450900797,True,421
3,8,8.769658697264124,7.259011237075698,10.28030615745255,3.021294920376852,True,421
3,9,8.610679983624124,7.297617318196861,9.923742649051388,2.626125330854527,True,421
3,7,8.108215721331254,6.76107092987028,9.455360512792229,2.6942895829219493,True,421
3,8,8.923051226019581,7.317931332089115,10.528171119950047,3.2102397878609317,True,421
3,9,7.596841946933107,6.150117819180661,9.043566074685554,2.893448255504893,True,421
3,6,7.628973174262549,5.819936790239028,9.438009558286069,3.618072768047041,True,421
3,3,2.1960548323289277,0.9106804503670671,3.481429214290788,2.5707487639237208,True,421
3,1,2.212086697421718,0.6942246943690225,3.7299487004744134,3.035724006105391,True,421
3,13,13.55093097010201,12.059704511263329,15.042157428940692,2.9824529176773638,True,421
3,11,13.757275515192685,12.468944486667255,15.045606543718115,2.5766620570508607,False,421
3,5,4.6648010264422215,3.3094539878798956,6.020148065004547,2.7106940771246517,True,421
3,10,9.476024805822703,7.9361207792246145,11.015928832420792,3.079808053196178,True,421
3,7,6.970870591168401,5.38042298629093,8.561318196045873,3.1808952097549428,True,421
3,12,11.545230325748587,10.01129346699998,13.079167184497194,3.067873717497214,True,421
3,4,5.199912852913075,3.5851746140861582,6.814651091739991,3.229476477653833,True,421
3,2,-0.424465912654882,-2.0801599212447064,1.2312280959349426,3.311388017179649,False,421
3,9,7.419476371280469,6.137144973400909,8.701807769160029,2.5646627957591193,False,421
3,7,5.39829561763121,3.8262029058998746,6.970388329362546,3.1441854234626714,False,421
3,2,3.4254613879603637,1.5347488722740823,5.316173903646645,3.7814250313725624,True,421
3,1,3.565920058872888,1.9587774641502358,5.17306265359554,3.214285189445304,False,421
3,4,3.843326172193793,2.1350542055549804,5.551598138832605,3.416543933277625,True,421
3,10,9.746767415214984,8.271798273864013,11.221736556565956,2.949938282701943,True,421
3,6,6.105078244669772,4.33527174540831,7.874884743931235,3.5396129985229248,True,421
3,11,12.742817453912286,10.973693548475325,14.511941359349247,3.538247810873923,True,421
3,3,1.608970298714139,0.00038342031079818817,3.21755717711748,3.217173756806682,True,421
3,12,12.357553474102177,10.458856654850038,14.256250293354316,3.7973936385042784,True,421
3,8,9.462796444673645,8.10669540765507,10.818897481692218,2.7122020740371475,False,421
3,5,5.751641254909768,4.464828644710215,7.038453865109322,2.573625220399107,True,421
3,10,10.284372424898114,8.517011485797086,12.051733363999142,3.534721878202056,True,421
3,6,7.501569138850712,5.710603906011917,9.292534371689507,3.5819304656775905,True,421
3,4,-0.05484843949885576,-1.4075406516777837,1.2978437726800722,2.705384424357856,False,421
3,12,13.016812979296361,11.571371131868771,14.462254826723951,2.89088369485518,True,421
3,3,2.0188864753088644,0.7316880674809552,3.3060848831367737,2.5743968156558186,True,421
3,13,10.254050654715314,8.790919761037314,11.717181548393315,2.926261787356001,False,421
3,7,7.766803899287471,5.997539383727358,9.536068414847582,3.538529031120224,True,421
3,5,7.060487817744437,5.4540290010638115,8.666946634425063,3.2129176333612515,False,421
3,2,1.7938272280584622,0.29574223961709434,3.29191221649983,2.9961699768827357,True,421
3,8,9.429311820804408,7.916142150654169,10.942481490954647,3.0263393403004777,True,421
3,1,3.418417386982968,2.1415537737764994,4.695281000189437,2.553727226412938,False,421
3,11,12.972371680376071,11.50509894378945,14.439644416962691,2.934545473173241,False,421
3,9,11.459946794057089,9.77150611689209,13.148387471222089,3.376881354329999,False,421
3,11,12.113191236607838,10.215655181453002,14.010727291762674,3.795072110309672,True,421
3,8,8.11315045835239,6.296725650736662,9.929575265968118,3.632849615231456,True,421
3,6,3.597051282154247,2.305997694710399,4.888104869598095,2.582107174887696,False,421
3,9,8.630906267805077,6.7816246020225295,10.480187933587624,3.6985633315650945,True,421
3,7,5.735130107025713,3.959449519341189,7.510810694710236,3.5513611753690473,True,421
3,5,8.25641407624672,6.482534109408435,10.030294043085005,3.54775993367657,False,421
3,2,1.7361712813514951,0.16796998710721645,3.3043725755957736,3.136402588488557,True,421
3,12,12.184807210176729,10.654879833271757,13.7147345870817,3.059854753809944,True,421
3,1,1.8272280640607013,0.3579678290651245,3.296488299056278,2.9385204699911536,True,421
3,3,3.0654036695586804,1.747490349545795,4.383316989571566,2.635826640025771,True,421
3,4,6.542576560646129,5.120962398737149,7.964190722555109,2.8432283238179608,False,421
3,10,9.066025957398322,7.632692838282343,10.499359076514303,2.86666623823196,True,421
3,13,13.291911182855864,11.707070012380756,14.876752353330973,3.1696823409502173,True,421
3,8,6.886294121452927,5.133424590044236,8.639163652861619,3.5057390628173826,True,421
3,6,4.019966233168941,2.441675562651051,5.598256903686831,3.15658134103578,False,421
3,7,6.082346363642072,4.769441604894784,7.395251122389361,2.6258095174945772,True,421
3,3,2.944444804427382,1.0573749113969078,4.831514697457856,3.7741397860609487,True,421
3,1,0.35604666322411005,-1.5214114523579334,2.2335047788061537,3.754916231164087,True,421
3,9,7.961368530189216,6.184417601660532,9.738319458717902,3.5539018570573697,True,421
3,12,9.890523804492249,7.982056603294276,11.79899100569022,3.816934402395945,False,421
3,2,1.8753416410569579,0.25196191273039004,3.4987213693835257,3.2467594566531357,True,421
3,11,8.742919438953496,6.85267323149195,10.633165646415042,3.780492414923092,False,421
3,10,11.140083945534403,9.815847929620917,12.46431996144789,2.648472031826973,True,421
3,4,4.123659629401755,2.614355312011,5.6329639467925094,3.0186086347815095,True,421
3,5,2.813672750802604,1.3938795018142873,4.233465999790921,2.839586497976634,False,421
3,11,10.536186384425205,9.13524487674754,11.93712789210287,2.8018830153553296,True,421
3,10,8.871765391614126,7.505933110220599,10.237597673007654,2.7316645627870555,True,421
3,8,8.478761765628771,6.805661862309666,10.151861668947877,3.346199806638211,True,421
3,7,9.010675669034717,7.236192325067936,10.785159013001497,3.548966687933561,False,421
3,5,2.187241295531383,0.5422869167011928,3.8321956743615733,3.2899087576603803,False,421
3,4,4.172539118721126,2.802776910003848,5.542301327438404,2.7395244174345557,True,421
3,2,1.7598008066500395,-0.03369615856751507,3.553297771867594,3.586993930435109,True,421
3,1,2.0070101146756985,0.3252710115052395,3.6887492178461576,3.3634782063409183,True,421
3,12,12.319794942356534,10.79614522184751,13.843444662865558,3.0472994410180476,True,421
3,9,7.872046002391771,6.165950873839763,9.578141130943779,3.412190257104016,True,421
3,3,2.5214190965000727,1.079599719743145,3.9632384732570003,2.8836387535138552,True,421
3,6,4.805961214794767,3.3097285857754604,6.302193843814074,2.9924652580386133,True,421
3,10,11.614010707897897,9.752654739979688,13.475366675816106,3.7227119358364185,True,421
3,3,3.031967473007913,1.5706255983895467,4.49330934762628,2.9226837492367332,True,421
3,1,3.851786028629511,2.2759335135447474,5.4276385437142745,3.151705030169527,False,421
3,11,10.90900877927807,9.065098733619411,12.752918824936728,3.6878200913173167,True,421
3,8,6.937389849634306,5.209863628163623,8.664916071104988,3.4550524429413656,True,421
3,6,3.729428411080759,2.4137427527876785,5.04511406937384,2.6313713165861614,False,421
3,5,2.2952904856160825,0.9253111433660994,3.665269827866066,2.7399586844999666,False,421
3,13,10.623796085491765,9.342793150579283,11.904799020404248,2.562005869824965,False,421
3,2,2.400689976517225,0.722161874351019,4.079218078683431,3.3570562043324124,True,421
3,12,12.763087534844901,11.201471889433055,14.324703180256748,3.1232312908236928,True,421
3,9,6.628213946951799,5.266546592076147,7.9898813018274515,2.7233347097513043,False,421
3,4,5.342557471114173,3.4553955018799534,7.229719440348392,3.7743239384684384,True,421
3,7,6.2754084224748405,4.6614855185975355,7.889331326352146,3.22784580775461,True,421
3,10,10.220189517978325,8.789861596334301,11.650517439622348,2.860655843288047,True,421
3,9,11.418330942383136,9.822945863986433,13.013716020779839,3.1907701567934055,False,421
3,8,9.345258973798298,7.635661201513299,11.054856746083297,3.419195544569998,True,421
3,7,6.597204028141252,5.272563407074117,7.921844649208386,2.6492812421342684,True,421
3,6,4.663211661877069,3.2119506278765138,6.114472695877625,2.9025220680011112,True,421
3,5,1.7722768980060426,-0.018567085177945364,3.563120881190031,3.5816879663679764,False,421
3,4,2.92127002113637,1.3520038338194718,4.490536208453268,3.1385323746337956,True,421
3,3,2.6833046417584585,1.0585884251418545,4.3080208583750625,3.249432433233208,True,421
3,2,0.519230709273224,-1.0329059001364174,2.0713673186828654,3.1042732188192828,True,421
3,1,0.8031145493615429,-0.5008936140446943,2.1071227127677803,2.6080163268124745,True,421
3,5,5.115277824438152,3.733529464912893,6.497026183963412,2.7634967190505186,True,421
3,3,2.6627160272878823,1.1024604617705558,4.222971592805209,3.120511131034653,True,421
3,11,10.02499612876481,8.615535801834552,11.434456455695068,2.8189206538605163,True,421
3,8,8.252982007950092,6.945095387665217,9.560868628234967,2.6157732405697507,True,421
3,2,2.6629109743541135,0.8486624886890499,4.477159460019177,3.6284969713301267,True,421
3,12,10.36440138383573,8.462400550229024,12.266402217442437,3.804001667213413,True,421
3,9,11.116398569619406,9.334373416009486,12.898423723229326,3.5640503072198406,False,421
3,7,6.852117801573607,5.03140302152603,8.672832581621185,3.6414295600951547,True,421
3,13,13.028274434417272,11.597893025274997,14.458655843559546,2.860762818284549,True,421
3,1,2.0623216348848357,0.17344162450741418,3.951201645262257,3.777760020754843,True,421
3,10,10.349824196895252,8.948185597453964,11.75146279633654,2.8032771988825758,True,421
3,4,5.429704950869867,3.546692731859019,7.312717169880716,3.766024438021697,True,421
3,6,6.430686247802736,4.51999153825246,8.341380957353014,3.821389419100554,True,421
3,7,6.0813439380393435,4.351264787973364,7.811423088105323,3.4601583001319582,True,421
3,5,5.542255287809152,3.6402855869259696,7.444224988692335,3.8039394017663657,True,421
3,2,0.28441068901900746,-1.3549556903448048,1.9237770683828197,3.2787327587276245,False,421
3,11,11.162839558664785,9.721251900998439,12.604427216331132,2.883175315332693,True,421
3,10,9.950155014033308,8.395351638978642,11.504958389087975,3.1096067501093323,True,421
3,9,8.68782471409119,7.033132837319525,10.342516590862855,3.3093837535433304,True,421
3,6,5.807193732841604,4.4845676962683685,7.12981976941484,2.6452520731464713,True,421
3,12,9.177226431753542,7.504171428927739,10.850281434579346,3.3461100056516067,False,421
3,4,3.1769126383885578,1.2749211785342138,5.0789040982429015,3.8039829197086874,True,421
3,3,3.139267351711672,1.7419786711496537,4.53655603227369,2.7945773611240368,True,421
3,8,8.2397845879961,6.458108903804112,10.021460272188088,3.5633513683839766,True,421
3,1,-0.5415127113889371,-2.3967521418203344,1.31372671904246,3.7104788608627945,True,421
3,13,14.898561761297051,13.02048014507775,16.77664337751635,3.7561632324386007,False,421
3,12,10.700737727678248,8.812171212067573,12.589304243288924,3.77713303122135,True,421
3,8,9.454185800790105,7.845494551285806,11.062877050294404,3.2173824990085977,True,421
3,5,5.640791542807527,3.741269097508948,7.5403139881061065,3.7990448905971586,True,421
3,4,3.0306590352342955,1.2714951230825233,4.789822947386067,3.518327824303544,True,421
3,15,17.662966338914266,16.283819962595086,19.042112715233447,2.7582927526383614,False,421
3,11,9.20954475236528,7.629282484438716,10.789807020291846,3.1605245358531304,False,421
3,6,7.378731260415002,5.644435970527663,9.11302655030234,3.468590579774677,True,421
3,2,3.5008734770644674,2.067070355571892,4.934676598557043,2.8676062429851505,False,421
3,7,5.994069686385033,4.309357199280843,7.678782173489223,3.36942497420838,True,421
3,3,5.088697950096494,3.387406844464751,6.7899890557282365,3.4025822112634856,False,421
3,1,0.6249302281015708,-0.7548722084482943,2.004732664651436,2.7596048730997302,True,421
3,14,14.433040443919786,12.796516014574928,16.069564873264646,3.2730488586897177,True,421
3,10,10.390482758156832,8.622184788952481,12.158780727361183,3.536595938408702,True,421
3,9,8.798536887794178,7.204241453820247,10.39283232176811,3.1885908679478625,True,421
3,15,16.216212409739672,14.932490621236516,17.49993419824283,2.5674435770063138,True,421
3,13,14.19023308082832,12.90846653755573,15.471999624100908,2.5635330865451778,True,421
3,6,3.3772020401427287,1.873417318689861,4.880986761595596,3.0075694429057354,False,421
3,12,13.956510364317229,12.08959854865775,15.823422179976706,3.7338236313189554,False,421
3,9,6.506262017946488,5.084366232559386,7.92815780333359,2.8437915707742043,False,421
3,5,6.5488193065124864,4.86809527301235,8.229543340012622,3.361448067000272,True,421
3,1,2.690057705241375,1.2723732997390365,4.107742110743714,2.8353688110046775,False,421
3,3,1.3635503546772028,-0.11767509872558923,2.8447758080799947,2.962450906805584,False,421
3,11,10.383778568068124,8.566727714902377,12.20082942123387,3.634101706331492,True,421
3,7,5.341442997271097,3.6004293971028707,7.0824565974393225,3.482027200336452,True,421
3,8,7.677618454566897,6.3407537156410685,9.014483193492726,2.6737294778516576,True,421
3,2,1.5379485737213883,-0.01156331566795643,3.087460463110733,3.0990237787786894,True,421
3,14,15.16949079840401,13.87488048919833,16.46410110760969,2.5892206184113586,True,421
3,10,11.965463119179413,10.382655205646692,13.548271032712133,3.165615827065441,False,421
3,4,6.093525716184934,4.394892816719652,7.792158615650216,3.3972657989305635,False,421
3,16,15.156747960132547,13.805143286276927,16.508352633988167,2.7032093477112404,True,421
3,14,13.686167189383209,12.22585859835916,15.146475780407258,2.9206171820480975,True,421
3,12,9.474842711668575,7.9450229445981995,11.004662478738952,3.0596395341407527,False,421
3,11,9.791194900255716,7.928534106525156,11.653855693986277,3.7253215874611207,True,421
3,6,7.447277449646187,5.537580749806335,9.356974149486039,3.8193933996797034,True,421
3,5,7.423374235322347,6.118720826563145,8.72802764408155,2.609306817518405,False,421
3,3,1.1484766921801168,-0.6130463630099434,2.9099997473701773,3.523046110380121,False,421
3,13,12.111303611270658,10.598143656905963,13.624463565635354,3.0263199087293913,True,421
3,10,9.960391364561609,8.4340030417472,11.486779687376018,3.0527766456288177,True,421
3,9,9.42024173822941,7.66302068523401,11.177462791224812,3.5144421059908018,True,421
3,8,6.785594720117531,4.92363865640876,8.6475507838263,3.723912127417541,True,421
3,1,1.6360915666961344,-0.24660087659649133,3.51878400998876,3.7653848865852515,True,421
3,15,14.289240979393625,12.645036769501177,15.933445189286074,3.288408419784897,True,421
3,7,6.9783215936825815,5.474478294048861,8.482164893316302,3.0076865992674406,True,421
3,4,4.819426372005549,3.040970055227648,6.59788268878345,3.556912633555802,True,421
3,2,2.0096334047164066,0.5734945221950591,3.4457722872377543,2.8722777650426954,True,421
3,13,12.345421164210148,10.709541933814364,13.981300394605931,3.271758460791567,True,421
3,10,9.835585294111254,8.330812235658385,11.340358352564124,3.0095461169057387,True,421
3,7,6.867455561191997,5.172524936166373,8.562386186217623,3.3898612500512497,True,421
3,5,4.444983455176809,3.015608948750751,5.8743579616028665,2.8587490128521154,True,421
3,1,0.6118059059993465,-0.7864303933794724,2.0100422053781655,2.7964725987576378,True,421
3,11,13.397970755757076,11.536134218458146,15.259807293056005,3.7236730745978583,False,421
3,14,14.841379171911859,13.500428422190055,16.182329921633663,2.681901499443608,True,421
3,12,11.55677952295626,9.957978377821373,13.155580668091147,3.1976022902697743,True,421
3,2,3.0454316067661034,1.6285275312357035,4.462335682296503,2.8338081510607998,True,421
3,8,7.499270765365985,6.198433448764209,8.80010808196776,2.601674633203551,True,421
3,6,7.759686956379962,6.460706950310032,9.058666962449893,2.597960012139861,False,421
3,9,9.554463288297141,8.166671797693622,10.94225477890066,2.7755829812070374,True,421
3,4,3.839046783993657,2.0100472978188284,5.668046270168485,3.657998972349657,True,421
3,3,3.6715753887154166,2.2153539500580735,5.12779682737276,2.912442877314686,True,421
3,12,9.643685771897252,7.761292821070213,11.52607872272429,3.7647859016540766,False,421
3,10,8.309848796635292,6.662773773708186,9.956923819562396,3.2941500458542103,False,421
3,10,8.209112490401417,6.654552637328944,9.763672343473889,3.109119706144945,False,421
3,3,3.21441464214556,1.5683179656264479,4.860511318664672,3.2921933530382246,True,421
3,6,8.598772499227637,6.993118929453279,10.204426069001997,3.211307139548718,False,421
3,5,8.34695021928895,6.586850969391776,10.107049469186123,3.520198499794347,False,421
3,4,4.957076652161136,3.5008441620704556,6.413309142251816,2.91246498018136,True,421
3,2,2.7512667124166854,1.2500205625756924,4.252512862257678,3.0024922996819856,True,421
3,12,9.298413398770892,7.451981233754678,11.144845563787106,3.692864330032428,False,421
3,9,8.185989300398967,6.306150045009009,10.065828555788926,3.759678510779917,True,421
3,8,6.818324372137642,4.972872223001271,8.663776521274013,3.6909042982727414,True,421
3,7,6.068728602623326,4.5251207824785595,7.612336422768092,3.087215640289532,True,421
3,1,0.7477842721228156,-1.026088918795575,2.5216574630412065,3.547746381836782,True,421
3,13,12.29186413345431,10.711961935608208,13.87176633130041,3.159804395692202,True,421
3,8,5.0310502844363185,3.437619858767105,6.624480710105532,3.1868608513384267,False,421
3,5,6.121865384176301,4.715279474597754,7.5284512937548485,2.8131718191570947,True,421
3,13,11.39088546139029,9.737744327911356,13.044026594869225,3.3062822669578686,True,421
3,3,3.3588702961667245,1.9641155934000885,4.75362499893336,2.7895094055332716,True,421
3,7,10.11112400462496,8.62358572662009,11.59866228262983,2.975076556009739,False,421
3,1,-0.3790768873796351,-2.200586156013154,1.4424323812538837,3.6430185372670376,True,421
3,11,7.204568715880505,5.796454349603979,8.61268308215703,2.816228732553051,False,421
3,12,11.570993667179835,10.249594681239184,12.892392653120485,2.6427979718813006,True,421
3,10,11.651439452497856,10.33141260841088,12.971466296584833,2.6400536881739534,False,421
3,2,4.937521181330891,3.061300657249908,6.813741705411874,3.752441048161966,False,421
3,9,7.155675608321374,5.556260368901723,8.755090847741025,3.1988304788393016,False,421
3,6,6.745048834854782,5.207843933035525,8.28225373667404,3.074409803638515,True,421
3,4,3.3020343148299203,1.5086937801468683,5.0953748495129725,3.5866810693661044,True,421
4,2,1.8410774685437965,0.4968135835316916,3.185341353555901,2.6885277700242094,True,421
4,1,0.28214913697582944,-1.5625960229060798,2.1268942968577385,3.6894903197638182,True,421
4,5,6.436591480493014,4.685680261860432,8.187502699125597,3.501822437265165,True,421
4,4,5.555570933109895,3.712194315026254,7.398947551193535,3.686753236167281,True,421
4,3,4.1108863021545705,2.7502349990183346,5.4715376052908065,2.721302606272472,True,421
4,6,4.5717317898909755,2.6784272915853204,6.465036288196631,3.78660899661131,True,421
4,9,9.633982598252405,7.885885447428179,11.382079749076633,3.496194301648454,True,421
4,6,6.164205906070934,4.453566742028698,7.874845070113169,3.4212783280844707,True,421
4,5,6.578793412024495,4.827300970582731,8.330285853466258,3.502984882883527,True,421
4,4,3.140691865693377,1.2291600789498884,5.052223652436865,3.8230635734869765,True,421
4,3,0.5000845632751258,-1.2262643987685184,2.22643352531877,3.452697924087288,False,421
4,2,3.0353552005704088,1.3130009803916969,4.757709420749121,3.444708440357424,True,421
4,8,4.162447425114347,2.1666675342991257,6.158227315929567,3.9915597816304413,False,421
4,7,5.902729894155505,4.063071962665081,7.742387825645929,3.6793158629808485,True,421
4,1,-0.5347932669774416,-2.1646173331484992,1.0950307991936161,3.2596481323421154,True,421
4,10,8.45509799364138,6.648361728952739,10.261834258330019,3.6134725293772805,True,421
4,9,7.876452793567356,6.282039658791703,9.47086592834301,3.1888262695513063,True,421
4,8,9.826060354627444,8.338657462663456,11.313463246591432,2.9748057839279767,False,421
4,4,5.230833128509559,3.497867309333128,6.963798947685991,3.465931638352863,True,421
4,3,2.6224039770112424,0.6683304568698651,4.57647749715262,3.908147040282755,True,421
4,2,3.7004352077885736,1.745722768098255,5.655147647478892,3.909424879380637,True,421
4,1,-0.593445732749561,-2.156277188338625,0.9693857228395029,3.125662911178128,False,421
4,10,8.202574921379263,6.515771492253985,9.88937835050454,3.3736068582505547,False,421
4,7,8.295394988869885,6.819496632557598,9.771293345182173,2.9517967126245743,True,421
4,6,6.8694648439839705,4.870380350245049,8.868549337722891,3.9981689874778423,True,421
4,5,4.309604897625015,2.320205547107813,6.299004248142218,3.978798701034405,True,421
4,11,9.296808659452804,7.5287030336947005,11.064914285210907,3.5362112515162067,True,421
4,6,8.18959781255691,6.318118830065476,10.061076795048344,3.7429579649828675,False,421
4,4,1.4198461735782724,-0.3920306673850502,3.231723014541595,3.6237536819266456,False,421
4,8,7.10236109698466,5.371860178812321,8.832862015156998,3.4610018363446766,True,421
4,3,3.342864791276846,1.9725972279529214,4.71313235460077,2.7405351266478486,True,421
4,1,3.7032472126471685,2.0651011413836926,5.341393283910644,3.276292142526952,False,421
4,10,10.57465031810983,8.789676259130111,12.359624377089549,3.569948117959438,True,421
4,11,11.720456979519948,9.933650882521569,13.507263076518328,3.573612193996759,True,421
4,7,6.145924449777809,4.562260622417272,7.729588277138346,3.167327654721074,True,421
4,5,5.852720337911897,3.8896312188154383,7.815809457008356,3.926178238192918,True,421
4,2,2.1579639813186304,0.7116143884726185,3.6043135741646424,2.892699185692024,True,421
4,9,6.617303189373663,4.948729985599146,8.28587639314818,3.337146407549035,False,421
4,5,6.18940228023966,4.393685706554744,7.985118853924576,3.591433147369832,True,421
4,6,7.455590084770277,5.655701456971809,9.255478712568745,3.599777255596936,True,421
4,7,8.205047573231743,6.437522509414687,9.972572637048799,3.535050127634112,True,421
4,4,4.049991888498703,2.531616220721829,5.568367556275578,3.036751335553749,True,421
4,9,7.565734675275529,6.126826158438656,9.0046431921124,2.877817033673744,True,421
4,12,8.536224403072701,6.7771735583036765,10.295275247841726,3.5181016895380495,False,421
4,11,11.235580408102177,9.500979462598458,12.970181353605895,3.4692018910074367,True,421
4,1,2.6229130896112736,1.16855617874492,4.077270000477627,2.9087138217327073,False,421
4,2,3.493298703624621,1.6880691804805317,5.298528226768711,3.610459046288179,True,421
4,10,11.224109265090771,9.585691155940511,12.862527374241031,3.27683621830052,True,421
4,3,2.888683532175914,1.1083979640460766,4.668969100305751,3.560571136259674,True,421
4,8,9.631196261047245,7.737726629813965,11.524665892280526,3.7869392624665608,True,421
4,3,4.3862427357838545,2.938310631113521,5.834174840454188,2.895864209340667,True,421
4,10,9.366049658917662,8.01860698367444,10.713492334160884,2.6948853504864445,True,421
4,8,9.014897024923771,7.1603092322689825,10.86948481757856,3.709175585309577,True,421
4,7,6.196061281886062,4.45452320016755,7.9375993636045745,3.4830761634370244,True,421
4,6,6.810036347425383,5.008476874630887,8.611595820219879,3.6031189455889923,True,421
4,4,2.0513250335483995,0.1573296135726454,3.9453204535241535,3.787990839951508,False,421
4,2,0.1666822869906177,-1.7037268768489324,2.037091450830168,3.7408183276791007,True,421
4,1,2.587310570415861,0.6113898590320253,4.563231281799697,3.9518414227676724,True,421
4,11,12.406340183307147,10.714026174019834,14.098654192594461,3.3846280185746274,True,421
4,12,12.950417310863747,11.28976122533537,14.611073396392124,3.3213121710567535,True,421
4,9,9.131953231579246,7.5290938401854985,10.734812622972994,3.2057187827874953,True,421
4,5,1.4130883534637775,-0.024141469127588522,2.8503181760551435,2.874459645182732,False,421
4,12,11.887686092690265,10.170899532613662,13.604472652766868,3.4335731201532056,True,421
4,7,7.681274750784757,6.161748392884554,9.20080110868496,3.0390527158004064,True,421
4,6,5.197900128660613,3.24841424884382,7.147386008477405,3.8989717596335844,True,421
4,4,2.9312587107876436,1.2074093807333939,4.655108040841894,3.4476986601085,True,421
4,10,12.166630582230537,10.436341901771458,13.896919262689616,3.4605773609181583,False,421
4,5,4.9095665129125825,3.338046789220658,6.481086236604507,3.143039447383849,True,421
4,2,2.682192754463571,1.3128318602437805,4.051553648683361,2.738721788439581,True,421
4,13,14.161197192429048,12.805346853003474,15.517047531854622,2.711700678851148,True,421
4,8,6.4978443852423835,4.880672065710816,8.11501670477395,3.234344639063134,True,421
4,3,3.2898111340712908,1.8987111717544007,4.680911096388181,2.7821999246337805,True,421
4,11,12.97946674171595,11.239830873385497,14.719102610046402,3.4792717366609054,False,421
4,9,11.728834774949583,9.806265455852717,13.651404094046448,3.845138638193731,False,421
4,1,1.0599045958220357,-0.8639605584014585,2.98376975004553,3.8477303084469883,True,421
4,2,1.643084678979388,-0.13138495804885508,3.417554316007631,3.5489392740564862,True,421
4,12,12.4035361022063,10.927907393336696,13.879164811075903,2.951257417739207,True,421
4,9,9.365455570541283,7.454882351747795,11.27602878933477,3.8211464375869753,True,421
4,7,9.08013709919673,7.154150746697715,11.006123451695744,3.8519727049980297,False,421
4,4,2.5054124662493993,1.0395123072241246,3.971312625274674,2.9318003180505494,False,421
4,1,0.5801903707509676,-1.2465853038199977,2.406966045321933,3.6535513491419307,True,421
4,10,8.324288009685235,6.798417297367868,9.850158722002602,3.0517414246347343,False,421
4,13,11.481857671303635,9.61156236952678,13.35215297308049,3.7405906035537093,True,421
4,6,6.564861022708687,4.564704264173017,8.565017781244357,4.000313517071341,True,421
4,5,6.21478676245554,4.860082741565725,7.569490783345355,2.7094080417796302,True,421
4,8,7.025912459384382,5.0924036382799,8.959421280488865,3.867017642208965,True,421
4,11,12.158142183462934,10.407973407374762,13.908310959551105,3.500337552176344,True,421
4,3,4.667367985697952,2.6831306511752953,6.651605320220609,3.968474669045314,True,421
4,16,18.902058997650084,17.25707597962078,20.547042015679388,3.2899660360586083,False,421
4,12,12.104620273261574,10.204463394260276,14.004777152262871,3.800313758002595,True,421
4,9,8.0403532088338,6.664048900389216,9.416657517278383,2.752608616889167,True,421
4,6,4.496292102591157,2.937882549838908,6.054701655343407,3.116819105504499,True,421
4,11,9.34731020312016,7.9679211669275185,10.7266992393128,2.758778072385282,False,421
4,10,11.874671052105409,9.889125401030377,13.860216703180441,3.9710913021500645,True,421
4,8,5.727356985566525,3.8474963981137855,7.607217573019264,3.759721174905479,False,421
4,7,8.8266227284768,6.923022749365321,10.730222707588277,3.807199958222956,True,421
4,4,2.697338456121777,0.7367363250115582,4.657940587231996,3.921204262220438,True,421
4,14,12.972190703210892,11.580731643473621,14.363649762948162,2.782918119474541,True,421
4,13,12.77266681748503,11.180678024081132,14.364655610888928,3.1839775868077957,True,421
4,15,13.944518175650233,12.562447559694869,15.326588791605596,2.7641412319107275,True,421
4,5,6.397969632439363,4.922633702671644,7.873305562207082,2.950671859535438,True,421
4,2,4.720015927974163,3.2322858327643567,6.2077460231839705,2.975460190419614,False,421
4,1,0.013851763670293171,-1.6338657818354578,1.661569309176044,3.295435091011502,True,421
4,3,2.35164324125306,0.8377560881723289,3.865530394333791,3.0277743061614624,True,421
4,9,8.755018789074153,7.352966065791101,10.157071512357206,2.804105446566105,True,421
4,11,11.811585145238956,10.365146091783489,13.258024198694423,2.892878106910935,True,421
4,5,4.7697735815662154,3.3368250221557867,6.202722140976644,2.8658971188208575,True,421
4,10,12.080886116578894,10.096852866772085,14.064919366385702,3.9680664996136166,False,421
4,4,5.719935874842891,3.878568008559296,7.561303741126486,3.68273573256719,True,421
4,2,0.22180646960734984,-1.7586796815492045,2.202292620763904,3.9609723023131087,True,421
4,6,6.781452248362243,5.1533320970326315,8.409572399691854,3.256240302659222,True,421
4,1,3.2805088559642543,1.7600776225347081,4.800940089393801,3.0408624668590925,False,421
4,3,2.257828581349675,0.3904342544120776,4.125222908287272,3.7347886538751944,True,421
4,8,7.558602692309665,6.00621591100354,9.11098947361579,3.10477356261225,True,421
4,7,6.207944503220567,4.673489331834531,7.742399674606602,3.068910342772071,True,421
4,12,11.239386576714741,9.749560911248048,12.729212242181434,2.979651330933386,True,421
4,8,5.4973226721334285,4.076116900665122,6.918528443601735,2.8424115429366132,False,421
4,2,0.0075275728024237765,-1.4982854432494315,1.513340588854279,3.0116260321037105,False,421
4,1,1.116210578105845,-0.4555728007090629,2.687993956920753,3.1435667576298156,True,421
4,6,8.270396961979166,6.485951493743249,10.054842430215084,3.568890936471835,False,421
4,5,4.079958781222576,2.7035405098481284,5.456377052597023,2.752836542748895,True,421
4,10,9.035864045577163,7.560719081173825,10.511009009980501,2.9502899288066766,True,421
4,11,13.552281605631102,11.677726496343123,15.42683671491908,3.7491102185759573,False,421
4,4,2.3376138072760195,0.9049012436044497,3.7703263709475894,2.8654251273431397,False,421
4,9,6.508135255940367,4.944810061494337,8.071460450386397,3.1266503888920596,False,421
4,7,5.757226845793751,3.8455444586070855,7.6689092329804165,3.823364774373331,True,421
4,3,2.0058232818084507,0.5677697908387267,3.4438767727781747,2.876106981939448,True,421
4,4,1.378820372957402,-0.011059342011803475,2.7687000879266073,2.7797594299384105,False,421
4,3,2.8079374405880833,1.1499224185380226,4.465952462638144,3.316030044100122,True,421
4,2,3.422669524792303,1.886188237599093,4.959150811985513,3.0729625743864197,True,421
4,1,-0.9289321605722394,-2.639580009137798,0.7817156879933194,3.4212956971311175,False,421
4,9,9.131367328430384,7.260294864847745,11.002439792013023,3.7421449271652776,True,421
4,7,7.59390351344016,6.167713089012896,9.020093937867424,2.852380848854528,True,421
4,8,7.874923587088561,6.152737064662668,9.597110109514453,3.444373044851785,True,421
4,11,11.278538884611589,9.606529371844752,12.950548397378425,3.3440190255336724,True,421
4,5,5.295990893892816,3.8651756506933412,6.726806137092291,2.86163048639895,True,421
4,10,8.780908064622352,7.029826408612678,10.531989720632026,3.5021633120193485,True,421
4,6,8.247873858017803,6.730597819165381,9.765149896870225,3.034552077704844,False,421
4,11,12.871635251114323,11.211420482539285,14.531850019689362,3.3204295371500763,False,421
4,6,7.784867095861752,6.395297364794192,9.17443682692931,2.7791394621351184,False,421
4,3,4.5205136108157955,2.8791511833019046,6.1618760383296864,3.282724855027782,True,421
4,1,-1.3624692041495359,-2.9016491584901116,0.17671075019103966,3.0783599086811515,False,421
4,12,13.38909356671795,11.505624505120256,15.272562628315644,3.766938123195388,True,421
4,4,4.9834021413242615,3.610711670841351,6.356092611807172,2.745380940965821,True,421
4,9,6.695214577584325,5.081197322788826,8.309231832379824,3.228034509590998,False,421
4,10,9.677634467274883,8.037041230237836,11.31822770431193,3.2811864740740937,True,421
4,8,8.415190173987932,6.596702785737654,10.233677562238212,3.6369747765005576,True,421
4,7,9.496475647186953,7.778567738743419,11.214383555630487,3.435815816887068,False,421
4,5,6.087085786841389,4.307166087153805,7.8670054865289725,3.559839399375168,True,421
4,2,0.7031514090825475,-1.150066147542391,2.556368965707486,3.706435113249877,True,421
4,3,5.543082687677945,3.633039236590047,7.4531261387658425,3.8200869021757957,False,421
4,11,11.065669644070834,9.521543395924706,12.609795892216962,3.088252496292256,True,421
4,10,9.616238294645363,7.922531142599185,11.309945446691541,3.3874143040923563,True,421
4,7,6.509322705116782,4.614023914105022,8.404621496128541,3.790597582023519,True,421
4,6,3.5646671429653,1.5697067549012858,5.559627531029315,3.989920776128029,False,421
4,5,4.835345744275786,2.9070731907059146,6.763618297845658,3.856545107139743,True,421
4,12,12.746227885958486,11.163668732700486,14.328787039216486,3.165118306516,True,421
4,1,0.4219250087121764,-1.0429827804450695,1.8868327978694224,2.929815578314492,True,421
4,9,9.630678715871337,7.969424095908673,11.291933335834,3.3225092399253278,True,421
4,8,6.703413393628729,4.873824664770144,8.533002122487314,3.6591774577171705,True,421
4,2,1.7886081285835702,0.1252337020342027,3.451982555132938,3.326748853098735,True,421
4,4,4.474810489912948,2.8177011271282932,6.131919852697603,3.31421872556931,True,421
4,6,6.284491315595131,4.390445547926543,8.17853708326372,3.788091535337177,True,421
4,8,5.59180236542143,4.015958910190594,7.167645820652266,3.151686910461672,False,421
4,7,6.341491073693157,4.433054760702186,8.249927386684128,3.816872625981942,True,421
4,3,5.51619439546891,3.9100533249671265,7.122335465970693,3.2122821410035662,False,421
4,5,4.261330888504223,2.7076233293148775,5.815038447693569,3.1074151183786913,True,421
4,4,4.023711316167759,2.3860820487604935,5.661340583575025,3.2752585348145313,True,421
4,2,1.8698663741765835,0.026393437087554483,3.713339311265613,3.6869458741780585,True,421
4,13,15.352359638379477,13.933607618451571,16.771111658307383,2.837504039855812,False,421
4,10,11.935552183292005,10.469808426566745,13.401295940017265,2.93148751345052,False,421
4,12,13.211296499728213,11.241698986069043,15.180894013387384,3.939195027318341,True,421
4,11,9.540136529941199,8.08835845060204,10.991914609280357,2.9035561586783167,False,421
4,9,9.53877457378812,7.825244543622129,11.25230460395411,3.427060060331981,True,421
4,1,1.8519126146126976,0.1306500938602977,3.573175135365098,3.4425250415048003,True,421
4,5,3.9520927466059184,2.2906833555977215,5.613502137614115,3.3228187820163937,True,421
4,2,0.6942243412284665,-1.0707023213217972,2.4591510037787305,3.529853325100528,True,421
4,12,14.557521220810544,13.069483519128267,16.045558922492823,2.976075403364556,False,421
4,8,7.548795031674607,5.845318411644924,9.252271651704291,3.4069532400593667,True,421
4,4,6.422465228366723,4.8394349426986265,8.005495514034818,3.1660605713361916,False,421
4,3,4.4956406332418,2.719421348649255,6.2718599178343455,3.5524385691850906,True,421
4,9,9.611815173562983,8.182905328951968,11.040725018173998,2.85781968922203,True,421
4,7,7.678797154539227,5.96316495836835,9.394429350710103,3.4312643923417534,True,421
4,11,8.899370659503848,7.441066909011377,10.35767440999632,2.916607500984944,False,421
4,1,1.3101621697516248,-0.21045230103380952,2.830776640537059,3.0412289415708686,True,421
4,10,12.125530619472439,10.644911612723167,13.606149626221711,2.9612380134985443,False,421
4,6,7.022009254778413,5.565328843012622,8.478689666544204,2.9133608235315815,True,421
4,10,10.231505030596615,8.34581392225513,12.1171961389381,3.7713822166829694,True,421
4,7,9.567905793725545,8.042576943573177,11.093234643877913,3.050657700304736,False,421
4,6,5.722438916008794,3.7690716455779176,7.67580618643967,3.906734540861752,True,421
4,5,4.070666487467474,2.088735519553783,6.052597455381164,3.9638619358273814,True,421
4,2,2.2307478741173856,0.5148600538460293,3.9466356943887417,3.4317756405427122,True,421
4,1,2.1497010521673943,0.7196049696417994,3.5797971346929893,2.86019216505119,True,421
4,12,9.423308856287608,7.838693661872301,11.007924050702915,3.1692303888306137,False,421
4,4,4.427302965235626,2.560282968161251,6.29432296231,3.7340399941487488,True,421
4,9,10.215517523304465,8.635678777020619,11.79535626958831,3.159677492567692,True,421
4,8,7.595537562054709,6.202801405040647,8.98827371906877,2.785472314028123,True,421
4,3,4.6604471494539625,2.9542193522278852,6.36667494668004,3.4124555944521546,True,421
4,11,11.961779993616606,10.063136012051585,13.860423975181627,3.7972879631300422,True,421
4,10,13.212074677766616,11.34625980207952,15.077889553453712,3.731629751374193,False,421
4,6,4.874095653628178,3.422563478114522,6.325627829141833,2.9030643510273113,True,421
4,4,5.246064775744134,3.4624398563928818,7.029689695095387,3.567249838702505,True,421
4,3,1.4740141383038927,-0.007802373495496173,2.9558306501032816,2.963633023598778,False,421
4,11,8.576950323084912,7.096666495027096,10.057234151142728,2.960567656115632,False,421
4,12,8.946703735773191,7.0287398390541975,10.864667632492186,3.835927793437988,False,421
4,5,5.8074860335953895,4.306206952466742,7.308765114724037,3.0025581622572943,True,421
4,2,2.276371870916154,0.7660314750064678,3.78671226682584,3.0206807918193723,True,421
4,1,0.28142341395736925,-1.0536792821440049,1.6165261100587434,2.670205392202748,True,421
4,8,5.33974349907558,3.424050363635818,7.255436634515343,3.8313862708795248,False,421
4,9,7.964420060791985,6.1008284554437555,9.828011666140215,3.7271832106964595,True,421
4,7,7.006139511513185,5.252835335496005,8.759443687530364,3.506608352034359,True,421
4,8,9.189754050189647,7.354410030387792,11.0250980699915,3.670688039603708,True,421
4,9,8.975196374628561,7.53906263063395,10.411330118623173,2.872267487989223,True,421
4,6,6.3780905140579165,4.737569235269808,8.018611792846025,3.2810425575762174,True,421
4,3,2.435801428538796,0.8667543573813763,4.004848499696216,3.1380941423148396,True,421
4,1,3.623836303790732,2.22658943526855,5.021083172312914,2.7944937370443643,False,421
4,13,11.472625533507658,9.813547789707565,13.131703277307752,3.318155487600187,True,421
4,11,9.951142674072308,8.002035747410323,11.900249600734293,3.89821385332397,True,421
4,5,4.261462889009731,2.900063436896567,5.622862341122894,2.7227989042263268,True,421
4,10,10.814056596965086,9.284888347360228,12.343224846569944,3.058336499209716,True,421
4,7,5.441710315319679,3.96854466389174,6.914875966747619,2.9463313028558793,False,421
4,12,12.203577885821998,10.709988018942424,13.697167752701572,2.987179733759149,True,421
4,4,4.247365215139836,2.3064698908523327,6.18826053942734,3.881790648575007,True,421
4,2,0.95846304389993,-0.6885617049590864,2.6054877927589466,3.2940494977180332,True,421
4,9,9.494969191435285,7.849125383200112,11.140812999670457,3.2916876164703446,True,421
4,7,5.488279151893853,3.646055006495361,7.330503297292346,3.6844482907969844,True,421
4,2,0.3243887863073809,-1.1133756778319064,1.7621532504466682,2.8755289282785745,False,421
4,1,1.149408634782161,-0.5104264448539397,2.809243714418262,3.3196701592722015,True,421
4,4,1.510366621782906,-0.11124351110721475,3.1319767546730266,3.2432202657802414,False,421
4,10,6.782795946174643,5.049790878683174,8.515801013666112,3.4660101349829375,False,421
4,6,6.7992499511952005,4.797545110559408,8.800954791830993,4.0034096812715845,True,421
4,11,12.573454913886756,10.72530935190267,14.421600475870843,3.696291123968173,True,421
4,3,2.299795321961206,0.6996196094809097,3.899971034441503,3.2003514249605933,True,421
4,12,10.997894021853345,9.110973618302463,12.884814425404226,3.773840807101763,True,421
4,8,9.50830283896184,8.059716791177976,10.956888886745702,2.8971720955677256,False,421
4,5,3.2816926730016203,1.926696573004774,4.6366887729984665,2.7099921999936925,False,421
4,10,7.954941062918262,6.4838391823604375,9.426042943476087,2.9422037611156497,False,421
4,6,7.061454635562731,5.499619990449148,8.623289280676314,3.1236692902271663,True,421
4,4,4.013557279768461,2.3381630542904484,5.688951505246474,3.350788450956026,True,421
4,12,13.597315108935357,11.852152262480862,15.342477955389851,3.490325692908989,True,421
4,3,-0.21039881816696848,-2.152743033454726,1.731945397120789,3.8846884305755154,False,421
4,13,10.898989013322154,9.224079770948816,12.573898255695493,3.3498184847466774,False,421
4,7,7.021498089766235,5.3523134762526645,8.690682703279805,3.3383692270271403,True,421
4,5,5.62651054772568,4.258315045837143,6.994706049614217,2.736391003777074,True,421
4,2,3.270495631534188,1.9125313220616011,4.628459941006775,2.715928618945174,True,421
4,8,8.262226653213167,6.559752571960975,9.96470073446536,3.404948162504385,True,421
4,1,1.2469827330378536,-0.38009512820320834,2.8740605942789155,3.254155722482124,True,421
4,11,10.415897685454702,8.521217968537849,12.310577402371555,3.789359433833706,True,421
4,9,11.386357357356776,9.944463847825737,12.828250866887814,2.8837870190620762,False,421
4,11,9.345464816794253,7.994133727608142,10.696795905980364,2.702662178372222,False,421
4,8,8.538530228833908,6.904205024368538,10.17285543329928,3.2686504089307418,True,421
4,6,4.51828674811797,3.02514272457863,6.011430771657309,2.9862880470786792,True,421
4,9,9.802167818707515,8.434391826899397,11.169943810515633,2.7355519836162365,True,421
4,7,5.44447364591835,3.626258389162033,7.262688902674668,3.6364305135126354,True,421
4,5,6.1157235477506875,4.706587152445884,7.524859943055491,2.8182727906096066,True,421
4,2,2.1681574202367755,0.42753887389825573,3.9087759665752952,3.4812370926770395,True,421
4,12,14.616958759888021,13.094738226609984,16.13917929316606,3.0444410665560753,False,421
4,1,0.5784705290926215,-0.8719758351776301,2.028916893362873,2.9008927285405033,True,421
4,3,3.637449174371318,2.049361658076493,5.225536690666143,3.17617503258965,True,421
4,4,2.8305155793089356,0.9610174313094844,4.700013727308387,3.738996295998903,True,421
4,10,9.568160490338059,7.971836710017074,11.164484270659043,3.1926475606419693,True,421
4,13,13.15862421916653,11.322943939926352,14.994304498406708,3.6713605584803553,True,421
4,8,5.709170116292939,4.290762260895639,7.127577971690239,2.8368157107945997,False,421
4,6,3.873564098722842,2.0232013046663457,5.723926892779338,3.7007255881129923,False,421
4,7,7.899788949753468,6.407008777599097,9.392569121907838,2.985560344308741,True,421
4,3,2.7808697677024807,0.9941560856899729,4.567583449714989,3.573427364025016,True,421
4,1,0.11061020042796721,-1.6016213571692577,1.822841758025192,3.42446311519445,True,421
4,9,7.894520729374866,5.939804821422267,9.849236637327465,3.909431815905198,True,421
4,12,10.95226680641446,9.359126912752266,12.545406700076654,3.1862797873243878,True,421
4,2,2.168826072512343,0.7900051698301593,3.5476469751945263,2.7576418053643668,True,421
4,11,11.667553796174285,10.320104035483082,13.015003556865489,2.694899521382407,True,421
4,10,6.861839155562164,4.975382209206346,8.748296101917981,3.7729138927116352,False,421
4,4,6.119251085154838,4.434410836288776,7.8040913340209,3.3696804977321246,False,421
4,5,7.012551144412988,5.160538280488465,8.864564008337512,3.7040257278490465,False,421
4,11,7.504017854679651,6.012911170938633,8.995124538420669,2.9822133674820357,False,421
4,10,11.628890044484196,10.063937491645031,13.19384259732336,3.129905105678329,False,421
4,8,9.582828276996564,8.228072292940876,10.937584261052251,2.709511968111375,False,421
4,7,7.000668241281318,5.024365696682194,8.976970785880441,3.952605089198247,True,421
4,5,3.0542470671726853,1.2738898841010091,4.834604250244362,3.560714366143353,False,421
4,4,5.522842137497609,3.565416608932898,7.4802676660623195,3.9148510571294217,True,421
4,2,1.6381534005539728,0.12631213132963848,3.149994669778307,3.0236825384486687,True,421
4,1,1.8233182657284346,0.08060154917051032,3.566034982286359,3.4854334331158485,True,421
4,12,15.328801907942667,13.541349595768713,17.11625422011662,3.574904624347907,False,421
4,9,9.377755125935428,7.831176959296863,10.924333292573992,3.093156333277129,True,421
4,3,1.6246729624221572,-0.2759652670782733,3.5253111919225875,3.801276459000861,True,421
4,6,5.496403507620418,3.5296644247116524,7.463142590529182,3.93347816581753,True,421
4,10,8.815831959638519,6.890671977762719,10.74099194151432,3.850319963751601,True,421
4,3,3.6502345761727835,1.8223638808959088,5.4781052714496585,3.6557413905537497,True,421
4,1,-0.2091013381247071,-1.7289294343944932,1.310726758145079,3.039656192539572,True,421
4,11,10.290722866475535,8.768124427710378,11.813321305240693,3.0451968775303158,True,421
4,8,6.0733544383886,4.095805317877611,8.05090355889959,3.955098241021979,True,421
4,6,5.801869491721285,4.4603396381002,7.14339934534237,2.6830597072421707,True,421
4,5,5.265132189953074,3.452621507809483,7.077642872096665,3.625021364287182,True,421
4,13,8.972817929323762,7.166849656845217,10.778786201802307,3.6119365449570893,False,421
4,2,2.3893603422203316,0.6391521885598332,4.13956849588083,3.500416307320997,True,421
4,12,11.93144965335483,9.936050350066195,13.926848956643466,3.990798606577272,True,421
4,9,7.852512076865809,6.309717866732816,9.395306286998801,3.085588420265985,True,421
4,4,7.04294338640481,5.481402162633449,8.60448461017617,3.1230824475427212,False,421
4,7,8.437714791407132,7.050369229840797,9.825060352973466,2.774691123132669,False,421
4,10,8.355396270772898,6.725235647652711,9.985556893893085,3.260321246240374,False,421
4,9,10.25735531935671,8.74848226951599,11.766228369197432,3.0177460996814425,True,421
4,8,9.866747114031586,8.302927054778372,11.4305671732848,3.1276401185064273,False,421
4,7,7.1980313839263355,5.306427142562413,9.089635625290258,3.7832084827278454,True,421
4,6,6.542163055420988,4.583216390060306,8.50110972078167,3.9178933307213644,True,421
4,5,5.507520000382386,4.048907463664259,6.966132537100513,2.9172250734362546,True,421
4,4,0.8712762116150667,-0.7119780820416131,2.4545305052717463,3.166508587313359,False,421
4,3,2.719695604724401,0.7653228096060611,4.67406839984274,3.9087455902366792,True,421
4,2,1.6416307370239571,0.2657172242573491,3.017544249790565,2.751827025533216,True,421
4,1,3.1452334548398175,1.7489315290801575,4.541535380599478,2.7926038515193206,False,421
4,5,5.500591795342809,4.0572892752125185,6.9438943154731,2.886605040260582,True,421
4,3,2.553583556824958,0.8217115255176233,4.285455588132292,3.4637440626146687,True,421
4,11,10.864812888513484,9.429731059662148,12.29989471736482,2.8701636577026726,True,421
4,8,9.535078372441102,7.554382067219646,11.515774677662558,3.9613926104429114,True,421
4,2,1.7231230051320268,0.09034884394150744,3.355897166322546,3.2655483223810386,True,421
4,12,10.952706700362587,9.283360381488908,12.622053019236265,3.338692637747357,True,421
4,9,8.5864467106187,7.087176527671225,10.085716893566175,2.99854036589495,True,421
4,7,8.411044215734023,6.762090073942577,10.059998357525469,3.297908283582892,True,421
4,13,13.744247358396905,11.967863660883806,15.520631055910004,3.5527673950261978,True,421
4,1,1.0664019600236707,-0.7695502493703272,2.9023541694176687,3.671904418787996,True,421
4,10,10.287308949167246,8.449560981972164,12.125056916362327,3.675495934390163,True,421
4,4,3.1603862896067767,1.440073620402255,4.880698958811299,3.4406253384090437,True,421
4,6,5.709075899336019,3.7708998094901185,7.64725198918192,3.8763521796918017,True,421
4,7,6.005043517338224,4.124893347235948,7.885193687440501,3.7603003402045534,True,421
4,5,4.557831073550385,2.7179609650081686,6.3977011820926,3.6797402170844316,True,421
4,2,4.019267395439938,2.6474933106385103,5.391041480241365,2.743548169602855,False,421
4,11,9.383192282934216,8.04393572281297,10.722448843055462,2.678513120242492,False,421
4,10,8.966923500365628,7.490483684050515,10.44336331668074,2.952879632630225,True,421
4,9,7.1185517055963725,5.341093627258129,8.896009783934616,3.5549161566764873,False,421
4,6,3.7936368642186027,2.1845644066376506,5.402709321799555,3.218144915161904,False,421
4,12,11.719842128707063,10.116636351667989,13.323047905746137,3.206411554078148,True,421
4,4,3.0735862272988204,1.1486052438869245,4.998567210710716,3.849961966823791,True,421
4,3,5.642533396188289,3.710227788868308,7.574839003508269,3.864611214639961,False,421
4,8,7.57573018073331,5.63434055452155,9.51711980694507,3.8827792524235196,True,421
4,1,2.9340952951450365,1.3899673254173415,4.478223264872732,3.08825593945539,False,421
4,13,14.45200971241095,12.656178466709616,16.247840958112285,3.591662491402669,True,421
4,12,11.68656876716398,10.17063222419355,13.20250531013441,3.031873085940859,True,421
4,8,11.165203373128435,9.703336411190085,12.627070335066785,2.9237339238767,False,421
4,5,5.402800979697213,3.944922919827402,6.8606790395670245,2.9157561197396227,True,421
4,4,6.269513899005983,4.7065474133496785,7.832480384662288,3.1259329713126096,False,421
4,15,17.094895337371895,15.473303619105494,18.716487055638297,3.243183436532803,False,421
4,11,11.621971977657173,9.732785230839758,13.511158724474589,3.778373493634831,True,421
4,6,7.126696271708775,5.712022281997985,8.541370261419566,2.8293479794215806,True,421
4,2,2.9361071226792137,1.1109999405176876,4.76121430484074,3.6502143643230527,True,421
4,7,5.2836078529124375,3.594283606843441,6.972932098981434,3.3786484921379927,False,421
4,3,3.0859355316795245,1.5591133396670789,4.612757723691971,3.0536443840248917,True,421
4,1,2.61137085091699,0.9478292481720851,4.274912453661895,3.32708320548981,True,421
4,14,16.28927947604249,14.754451468144625,17.82410748394036,3.0696560157957347,False,421
4,10,8.919040492252076,7.18658846745638,10.651492517047773,3.464904049591393,True,421
4,9,9.79324695271953,8.169061774867464,11.417432130571596,3.2483703557041324,True,421
4,15,15.226305319916301,13.781925363510997,16.670685276321606,2.8887599128106096,True,421
4,13,12.823188903127607,11.410722464707439,14.235655341547774,2.824932876840336,True,421
4,6,6.534003943837539,4.834509025334738,8.23349886234034,3.398989837005603,True,421
4,12,12.326996115999206,10.39011915178628,14.263873080212132,3.8737539284258524,True,421
4,9,9.812111353308882,8.247910257146053,11.376312449471712,3.128402192325659,True,421
4,5,7.162575141425078,5.3387530698718475,8.986397212978309,3.6476441431064615,False,421
4,1,2.1761913862970506,0.4019780421005794,3.9504047304935215,3.548426688392942,True,421
4,3,3.465886888309054,1.5095625754931936,5.422211201124915,3.9126486256317214,True,421
4,11,13.796937585234618,11.914402919690325,15.679472250778911,3.7650693310885863,False,421
4,7,8.664894393820504,6.952113151044258,10.377675636596749,3.425562485552491,True,421
4,8,7.861402342094977,6.088277322940083,9.634527361249871,3.546250038309788,True,421
4,2,0.1743193964706422,-1.7598705055631036,2.108509298504388,3.8683798040674917,True,421
4,14,12.518253978619303,10.916975109704955,14.11953284753365,3.2025577378286947,True,421
4,10,11.399848672473452,9.847101005431028,12.952596339515875,3.1054953340848463,True,421
4,4,3.054531281120528,1.7126500179746402,4.396412544266416,2.6837625262917753,True,421
4,16,14.487916784332079,12.601665034154975,16.37416853450918,3.7725035003542065,True,421
4,14,12.8628720099692,10.993684222566689,14.732059797371711,3.7383755748050227,True,421
4,12,10.96892353186395,9.564550883451783,12.373296180276117,2.808745296824334,True,421
4,11,12.275971501673377,10.556348675997489,13.995594327349265,3.4392456513517757,True,421
4,6,5.764886886326586,4.12058976641655,7.4091840062366225,3.288594239820073,True,421
4,5,2.9414380995508913,1.5275528964811442,4.355323302620638,2.8277704061394937,False,421
4,3,3.0465673466435352,1.057534816451679,5.035599876835391,3.978065060383712,True,421
4,13,13.333399198672362,11.855458809771816,14.811339587572908,2.9558807778010916,True,421
4,10,9.280994707838722,7.901460431658288,10.660528984019157,2.759068552360869,True,421
4,9,10.73382762628905,9.002199475034777,12.465455777543324,3.4632563025085474,False,421
4,8,7.368591671461573,5.5408546422547955,9.19632870066835,3.655474058413554,True,421
4,1,2.6625065299557256,1.3061892702935693,4.018823789617882,2.712634519324312,False,421
4,15,15.895174169512465,14.120923265268633,17.669425073756297,3.5485018084876643,True,421
4,7,8.38990826206661,6.700025483515006,10.079791040618215,3.379765557103209,True,421
4,4,2.3521737387904076,0.9485948895344585,3.7557525880463567,2.8071576985118982,False,421
4,2,2.1474652883571537,0.6976676878082813,3.597262888906026,2.8995952010977444,True,421
4,13,12.920757993137846,11.207063145395582,14.63445284088011,3.4273896954845284,True,421
4,10,7.866990212638701,6.3345542318875,9.399426193389901,3.0648719615024014,False,421
4,7,8.657591094704363,6.696755065117719,10.618427124291008,3.9216720591732894,True,421
4,5,3.773898654638975,1.8928593414966184,5.654937967781332,3.7620786262847137,True,421
4,1,0.08564825674602572,-1.9053855924007588,2.07668210589281,3.9820676982935685,True,421
4,11,9.480026246603412,7.972072573410502,10.987979919796322,3.01590734638582,False,421
4,14,15.05177948910556,13.06998391815171,17.03357506005941,3.963591141907699,True,421
4,12,9.711105421841106,8.088662019400207,11.333548824282005,3.244886804881798,False,421
4,2,2.926812200696852,1.3602346579574731,4.49338974343623,3.1331550854787573,True,421
4,8,9.566770979365192,8.198504395034309,10.935037563696074,2.736533168661765,False,421
4,6,6.80576764143864,5.435888959360332,8.175646323516949,2.739757364156617,True,421
4,9,10.068942725769643,8.272473880967908,11.865411570571379,3.5929376896034704,True,421
4,4,5.139319704367065,3.4990617554147567,6.779577653319373,3.280515897904616,True,421
4,3,1.5758635099113538,0.09003141146992588,3.0616956083527818,2.971664196882856,True,421
4,12,14.152102469496516,12.407712951742143,15.896491987250888,3.4887790355087454,False,421
4,10,9.309885618799752,7.806478301220845,10.81329293637866,3.0068146351578156,True,421
4,10,9.900418573615042,8.18027898288253,11.620558164347553,3.440279181465023,True,421
4,3,2.5010440224735615,0.9266653853204461,4.0754226596266765,3.1487572743062304,True,421
4,6,6.7373131813159635,4.853062662090343,8.621563700541584,3.768501038451241,True,421
4,5,4.192944135293867,2.310599564008836,6.075288706578897,3.7646891425700613,True,421
4,4,4.100373586356053,2.44715508734237,5.7535920853697355,3.3064369980273653,True,421
4,2,0.1469842742809926,-1.4217956780152412,1.7157642265772264,3.1375599045924676,False,421
4,12,13.746997812752358,12.170382908515256,15.32361271698946,3.1532298084742045,False,421
4,9,10.006111418925306,8.133764592129381,11.87845824572123,3.744693653591849,True,421
4,8,7.561610357147345,6.007938582293739,9.115282132000951,3.1073435497072124,True,421
4,7,6.296276454961284,4.822097499574249,7.77045541034832,2.948357910774071,True,421
4,1,1.9669423694765449,0.5757603493317567,3.358124389621333,2.7823640402895764,True,421
4,13,11.939059929046056,10.292953386375862,13.585166471716251,3.2922130853403893,True,421
4,8,8.188047973647754,6.531638486301913,9.844457460993596,3.312818974691683,True,421
4,5,6.742098181147109,4.846265101738235,8.637931260555984,3.7916661588177485,True,421
4,13,11.783114321294212,10.300807697865872,13.265420944722552,2.964613246856679,True,421
4,3,3.5529012436803042,1.963986400385592,5.141816086975016,3.177829686589424,True,421
4,7,7.473587900403238,5.599445137314849,9.347730663491628,3.7482855261767796,True,421
4,1,0.8539947720059758,-1.030303384233839,2.7382929282457904,3.7685963124796293,True,421
4,11,10.244315623844095,8.652985165807596,11.835646081880594,3.1826609160729973,True,421
4,12,13.822195585341579,12.1811401538016,15.463251016881557,3.282110863079957,False,421
4,10,9.10364704634955,7.566587595189462,10.640706497509639,3.0741189023201763,True,421
4,2,-0.7180583516944301,-2.675049973892918,1.2389332705040577,3.9139832443969755,False,421
4,9,9.96080038744655,8.546958781108335,11.374641993784765,2.8276832126764297,True,421
4,6,4.198044975348249,2.240256193731934,6.155833756964563,3.9155775632326293,True,421
4,4,5.037821717282631,3.246788171757845,6.828855262807417,3.5820670910495718,True,421
5,2,1.2352899602136762,-0.19955571760901392,2.670135638036366,2.8696913556453802,True,411
5,1,1.051661517558762,-0.7627088085091951,2.866031843626719,3.6287406521359142,True,411
5,5,1.2675089698805158,-0.6578633111002079,3.192881250861239,3.850744561961447,False,411
5,4,3.0126273814992275,1.254657759756895,4.77059700324156,3.5159392434846652,True,411
5,3,3.6802630688317013,2.1289448065256815,5.231581331137721,3.1026365246120395,True,411
5,6,4.52655894861798,2.6688819715218326,6.384235925714128,3.7153539541922953,True,411
5,9,9.088476332384396,7.639336009513039,10.537616655255752,2.8982806457427124,True,411
5,6,6.670308751204047,4.969164603525352,8.371452898882742,3.4022882953573905,True,411
5,5,4.486176198713353,2.9790306903624533,5.993321707064252,3.014291016701799,True,411
5,4,4.255695656494856,2.7338558509231374,5.777535462066575,3.043679611143437,True,411
5,3,1.5559011520730817,0.021636367492866126,3.090165936653297,3.0685295691604306,True,411
5,2,1.69008308045593,0.027343830715292006,3.3528223301965676,3.3254784994812754,True,411
5,8,8.915324254383833,7.486356277801622,10.344292230966044,2.8579359531644215,True,411
5,7,7.235459441452651,5.564996677605379,8.905922205299923,3.3409255276945444,True,411
5,1,0.1202030956540967,-1.629619759169145,1.8700259504773384,3.4996457096464835,True,411
5,10,10.33632460643619,8.606296254576316,12.066352958296063,3.460056703719747,True,411
5,9,10.071914685954926,8.411908429340809,11.731920942569044,3.320012513228235,True,411
5,8,4.925088082133783,2.947149278511159,6.903026885756407,3.9558776072452484,False,411
5,4,5.7386110974338465,4.244033501714228,7.233188693153465,2.9891551914392362,False,411
5,3,2.495617891978392,0.7499824938107014,4.241253290146082,3.4912707963353804,True,411
5,2,2.6382348998603455,1.2016793793806126,4.074790420340078,2.873111040959466,True,411
5,1,2.795870385467842,1.3529652625162314,4.238775508419453,2.8858102459032215,False,411
5,10,7.942489454154301,6.149362912212591,9.735615996096012,3.5862530838834212,False,411
5,7,5.93583849635868,4.148178993686831,7.723497999030529,3.5753190053436974,True,411
5,6,5.567176956186443,3.562146942238138,7.572206970134747,4.010060027896609,True,411
5,5,3.8243697183133576,2.0423843909368395,5.606355045689876,3.563970654753036,True,411
5,11,13.602404863755213,11.540417119539834,15.664392607970592,4.123975488430759,False,411
5,6,4.714841859259811,3.287584448207859,6.142099270311762,2.854514822103903,True,411
5,4,3.1666798307697004,1.7050678103724508,4.62829185116695,2.9232240407944996,True,411
5,8,8.306583547404465,6.882550997177098,9.730616097631831,2.8480651004547326,True,411
5,3,1.1967757108858668,-0.325633828179833,2.7191852499515665,3.0448190781313995,False,411
5,1,0.4064789323656042,-1.3639392449237648,2.1768971096549734,3.5408363545787385,True,411
5,10,10.476179891875264,8.633097938814155,12.319261844936372,3.686163906122218,True,411
5,11,10.500709393426233,9.075618400055326,11.925800386797139,2.850181986741813,True,411
5,7,6.859919711650077,4.807559991724309,8.912279431575845,4.104719439851536,True,411
5,5,4.206001831327444,2.225959952261012,6.186043710393876,3.960083758132864,True,411
5,2,-0.27170546377115024,-1.871678826340592,1.3282678987982914,3.1999467251388833,False,411
5,9,9.482389817008858,8.03528250428442,10.929497129733297,2.8942146254488783,True,411
5,5,7.632399607470862,6.120711613128252,9.144087601813473,3.0233759886852205,False,411
5,6,6.027602446175157,4.545831171259193,7.509373721091121,2.963542549831928,True,411
5,7,7.337896175871324,5.858675142959725,8.817117208782925,2.9584420658232,True,411
5,4,5.039084132675289,3.2844861562381613,6.793682109112417,3.509195952874256,True,411
5,9,7.096004255179951,5.531397203576216,8.660611306783686,3.1292141032074703,False,411
5,12,14.55377198719441,12.910934651345771,16.196609323043045,3.285674671697274,False,411
5,11,11.303493194634203,9.220804479043125,13.386181910225282,4.165377431182158,True,411
5,1,3.4477853486336634,1.5777130885490067,5.31785760871832,3.7401445201693138,False,411
5,2,0.9004505067140158,-1.1540060246620616,2.9549070380900933,4.108913062752155,True,411
5,10,12.727092883836736,11.234445150496999,14.219740617176473,2.9852954666794744,False,411
5,3,4.162733241052175,2.503176073585485,5.822290408518865,3.3191143349333796,True,411
5,8,8.829560128778537,7.049763639158497,10.609356618398577,3.5595929792400796,True,411
5,3,3.351036681529722,1.9042285650805677,4.797844797978876,2.8936162328983084,True,411
5,10,9.627207072888327,8.23095648716085,11.023457658615804,2.792501171454955,True,411
5,8,9.80079748771081,7.940394901832291,11.66120007358933,3.7208051717570383,True,411
5,7,7.21053980477207,5.37007220806707,9.05100740147707,3.6809351934100007,True,411
5,6,3.0493954446192717,1.3698792403195421,4.728911648919001,3.359032408599459,False,411
5,4,2.3242203074394965,0.589768267803847,4.058672347075146,3.468904079271299,True,411
5,2,1.721231371710879,0.0384727479650564,3.4039899954567012,3.3655172474916446,True,411
5,1,1.4649984747483327,0.0549416268397267,2.8750553226569386,2.820113695817212,True,411
5,11,10.915117266650157,9.288141714318657,12.542092818981656,3.253951104662999,True,411
5,12,13.828456184690495,12.311755546763717,15.345156822617273,3.0334012758535565,False,411
5,9,6.073347203942063,4.6114450188681095,7.535249389016017,2.9238043701479075,False,411
5,5,5.2153819047577405,3.155533335814827,7.275230473700654,4.119697137885828,True,411
5,12,9.273031161919267,7.462143886806558,11.083918437031976,3.6217745502254175,False,411
5,7,8.139568443226253,6.238604565208086,10.04053232124442,3.801927756036334,True,411
5,6,5.858311928336996,4.245275187194935,7.471348669479058,3.2260734822841233,True,411
5,4,4.629414958036177,2.9621891244886798,6.296640791583675,3.3344516670949953,True,411
5,10,8.70417555911535,7.145785176700633,10.262565941530069,3.1167807648294357,True,411
5,5,6.919197397486627,5.458311313380714,8.38008348159254,2.9217721682118247,False,411
5,2,3.5625869960882772,2.0445282886706404,5.080645703505914,3.036117414835273,False,411
5,13,13.875316454517831,11.926381669627945,15.824251239407717,3.897869569779772,True,411
5,8,7.8057241297048385,5.940367218760142,9.671081040649536,3.7307138218893945,True,411
5,3,3.869785927942698,2.0954254776728156,5.6441463782125805,3.548720900539765,True,411
5,11,9.939661148018978,8.215348536588463,11.663973759449492,3.448625222861029,True,411
5,9,10.283333488531069,8.24737093758397,12.319296039478168,4.071925101894198,True,411
5,1,3.4742213414858814,2.0302159945334086,4.918226688438354,2.8880106939049455,False,411
5,2,3.6059158399687794,2.0170972734130315,5.194734406524527,3.177637133111496,False,411
5,12,10.905596295288886,9.268472923967956,12.542719666609816,3.2742467426418607,True,411
5,9,9.542125975909654,7.603702660068079,11.48054929175123,3.8768466316831507,True,411
5,7,5.060287684362028,2.9755024989825216,7.145072869741535,4.169570370759013,True,411
5,4,4.858585466763514,3.2975850081493636,6.419585925377664,3.1220009172283003,True,411
5,1,1.6759051192938084,-0.32652899015502435,3.678339228742641,4.004868218897665,True,411
5,10,7.1952754907017535,5.223274967600939,9.167276013802569,3.94400104620163,False,411
5,13,11.257324234131454,9.707479580441024,12.807168887821884,3.09968930738086,False,411
5,6,5.575291654884349,3.903756624012224,7.246826685756474,3.34307006174425,True,411
5,5,4.54871037928876,2.8699716136816384,6.227449144895882,3.3574775312142435,True,411
5,8,6.185784596871792,4.110957531131623,8.26061166261196,4.149654131480338,True,411
5,11,11.583468094028275,10.064113402734309,13.10282278532224,3.038709382587932,True,411
5,3,3.377210413410768,1.4271303602077698,5.327290466613766,3.900160106405996,True,411
5,16,15.708596302032221,14.082442044491621,17.33475055957282,3.2523085150812,True,411
5,12,10.866312749762455,8.963806408871731,12.76881909065318,3.8050126817814487,True,411
5,9,10.573060689624846,8.887119689965534,12.259001689284158,3.3718819993186244,True,411
5,6,8.483110669632442,6.686853367994585,10.279367971270299,3.5925146032757134,False,411
5,11,10.274657774230194,8.301271572146323,12.248043976314065,3.946772404167742,True,411
5,10,9.081749624267768,7.128180947328996,11.03531830120654,3.9071373538775447,True,411
5,8,8.736811498117994,6.739870013585336,10.733752982650651,3.9938829690653153,True,411
5,7,6.462955930379521,5.028089193722741,7.8978226670363005,2.869733473313559,True,411
5,4,3.7909041990051486,1.915442313720793,5.666366084289504,3.7509237705687113,True,411
5,14,15.109479727587008,13.618621855137512,16.600337600036504,2.9817157448989917,True,411
5,13,10.13596586873906,8.452945599686233,11.818986137791887,3.366040538105654,False,411
5,15,16.977453487279003,15.20193689145757,18.752970083100436,3.5510331916428655,False,411
5,5,5.109020786494012,3.435112278787053,6.782929294200971,3.347817015413918,True,411
5,2,1.3827602831567296,-0.3725691843193655,3.1380897506328247,3.51065893495219,True,411
5,1,0.8661487686678266,-1.2214312264618785,2.953728763797532,4.17515999025941,True,411
5,3,2.943644032530778,1.4561093039774888,4.431178761084067,2.975069457106578,True,411
5,9,6.403198044832612,4.539296999914902,8.267099089750323,3.7278020898354205,False,411
5,11,13.242407341179854,11.573193334597875,14.911621347761834,3.338428013163959,False,411
5,5,5.061988448405928,3.575991621833822,6.547985274978034,2.971993653144212,True,411
5,10,10.664503195671063,9.160583250520293,12.168423140821833,3.0078398903015398,True,411
5,4,5.427324655861064,3.372664391843284,7.481984919878844,4.1093205280355605,True,411
5,2,0.46825631365954967,-1.537866062382978,2.4743786897020774,4.0122447520850555,True,411
5,6,6.710207848552843,4.684968616130377,8.735447080975309,4.0504784648449315,True,411
5,1,0.5985383636518097,-1.4855628035079365,2.6826395308115556,4.168202334319492,True,411
5,3,4.27015616282474,2.731696441118806,5.808615884530675,3.076919443411869,True,411
5,8,4.809158869472757,3.168202797775794,6.45011494116972,3.2819121433939262,False,411
5,7,6.851358549638096,4.991802625457106,8.710914473819086,3.7191118483619796,True,411
5,12,11.095769016324057,9.36538658022114,12.826151452426975,3.4607648722058357,True,411
5,8,8.648394425951233,6.963583051030994,10.333205800871472,3.3696227498404774,True,411
5,2,2.705066281052303,1.0624577773485069,4.3476747847561,3.285217007407593,True,411
5,1,-0.06143884223303919,-1.868439349153644,1.7455616646875656,3.6140010138412095,True,411
5,6,4.931739203735935,3.137409115116678,6.726069292355192,3.5886601772385145,True,411
5,5,4.834001947164006,3.3281863227659185,6.339817571562093,3.0116312487961743,True,411
5,10,8.655036659027187,6.933057905556008,10.377015412498366,3.4439575069423585,True,411
5,11,12.26297554317819,10.48405687241866,14.041894213937718,3.5578373415190576,True,411
5,4,3.4461891993288307,1.655555965345962,5.2368224333116995,3.5812664679657376,True,411
5,9,4.639517671017538,3.099809659955266,6.17922568207981,3.079416022124544,False,411
5,7,6.437766915067291,4.527317845131531,8.348215985003051,3.8208981398715203,True,411
5,3,1.4421842687340414,0.03129556600869621,2.8530729714593868,2.821777405450691,False,411
5,4,1.5530862768085818,-0.08744658255315474,3.1936191361703186,3.2810657187234735,False,411
5,3,1.1438600426661414,-0.7930214358136836,3.080741521145966,3.8737629569596495,True,411
5,2,2.164112707749455,0.3779339727475244,3.9502914427513853,3.572357470003861,True,411
5,1,2.992961242372347,1.417684747723114,4.56823773702158,3.1505529892984656,False,411
5,9,9.46977671079747,7.592292704321814,11.347260717273127,3.7549680129513128,True,411
5,7,6.09024491767639,4.301629226580992,7.878860608771788,3.5772313821907957,True,411
5,8,8.683856292756055,6.735806578168105,10.631906007344003,3.896099429175899,True,411
5,11,10.311364534671512,8.405963654959269,12.216765414383755,3.8108017594244856,True,411
5,5,3.958099446255283,2.1397242605700395,5.776474631940527,3.6367503713704874,True,411
5,10,8.268455997650523,6.535025550517323,10.001886444783723,3.4668608942664,True,411
5,6,3.3722567898724214,1.8861399089907134,4.85837367075413,2.9722337617634165,False,411
5,11,10.415114440160831,8.839719104367347,11.990509775954315,3.150790671586968,True,411
5,6,6.237080234880198,4.551774268747962,7.922386201012434,3.370611932264472,True,411
5,3,2.8550644949776656,1.0442193250298815,4.66590966492545,3.6216903398955687,True,411
5,1,0.37604960807896204,-1.3751668643877002,2.127266080545624,3.5024329449333242,True,411
5,12,10.581380908954829,8.987279022536356,12.175482795373302,3.188203772836946,True,411
5,4,4.9123692875274525,3.514532451600621,6.310206123454284,2.7956736718536632,True,411
5,9,7.024302120080122,5.285255462155889,8.763348778004357,3.4780933158484677,False,411
5,10,11.164041870765214,9.571722432066851,12.756361309463577,3.1846388773967256,True,411
5,8,6.4966744716099125,4.591564022114906,8.40178492110492,3.8102208989900133,True,411
5,7,5.871347143970448,4.461331245832011,7.281363042108885,2.820031796276874,True,411
5,5,2.7998222140764844,0.9990588388667834,4.600585589286185,3.6015267504194015,False,411
5,2,1.247896779671545,-0.8013302724576805,3.2971238318007705,4.098454104258451,True,411
5,3,4.462968687716968,2.94813023162929,5.977807143804646,3.029676912175356,True,411
5,11,11.773442132665934,10.051526320776354,13.495357944555515,3.443831623779161,True,411
5,10,11.467633168042052,10.010609180409446,12.924657155674659,2.9140479752652126,False,411
5,7,7.7832138189009035,5.953988753358828,9.61243888444298,3.6584501310841526,True,411
5,6,4.344495257204446,2.5676248530557424,6.121365661353151,3.5537408082974085,True,411
5,5,4.503816163508664,2.8266848483070577,6.18094747871027,3.3542626304032126,True,411
5,12,10.829701306323805,9.073141981363765,12.586260631283846,3.513118649920081,True,411
5,1,2.99586235605856,0.9779153439918167,5.013809368125304,4.035894024133487,True,411
5,9,7.204817030360532,5.674731999750488,8.734902060970576,3.060170061220088,False,411
5,8,9.340546534083666,7.931493257595607,10.749599810571725,2.8181065529761185,True,411
5,2,3.339430805163154,1.3458042688227803,5.333057341503528,3.9872530726807476,True,411
5,4,6.744430302574131,4.949038735177222,8.539821869971039,3.590783134793817,False,411
5,6,5.385470111055754,3.3716447204173368,7.399295501694171,4.027650781276835,True,411
5,8,9.068483239370243,7.259278067059066,10.87768841168142,3.6184103446223546,True,411
5,7,10.422477754808265,8.464732195469672,12.380223314146857,3.915491118677185,False,411
5,3,2.0735374845994547,0.3808650414620349,3.766209927736875,3.38534488627484,True,411
5,5,2.6974396287014604,0.781703876570633,4.6131753808322875,3.8314715042616543,False,411
5,4,1.1799849491383547,-0.8494339394615782,3.2094038377382876,4.058837777199866,False,411
5,2,3.0690680432919972,1.2771557118988601,4.860980374685134,3.5838246627862738,True,411
5,13,10.175274687912125,8.655994366353667,11.694555009470584,3.0385606431169165,False,411
5,10,9.441521420593116,7.860925748788745,11.022117092397487,3.161191343608742,True,411
5,12,12.655969780558442,11.124247391986582,14.187692169130301,3.0634447771437188,True,411
5,11,11.277763305244871,9.712452909353177,12.843073701136566,3.1306207917833895,True,411
5,9,9.638167296276258,8.03136453322837,11.244970059324146,3.213605526095776,True,411
5,1,1.3334347837012812,-0.44664175440344045,3.113511321806003,3.5601530762094438,True,411
5,5,6.91829871997009,5.115331218110287,8.721266221829893,3.6059350037196065,False,411
5,2,0.5715254288918046,-1.1189360616866921,2.261986919470301,3.380922981156993,True,411
5,12,10.984507292312204,9.162430815703688,12.806583768920719,3.6441529532170307,True,411
5,8,6.8410108320937635,5.3908469672511785,8.291174696936348,2.90032772968517,True,411
5,4,5.245287717793915,3.7907952459767302,6.699780189611101,2.9089849436343704,True,411
5,3,4.350597882592595,2.8375566918767596,5.8636390733084305,3.026082381431671,True,411
5,9,9.676837978977762,7.922577322009655,11.431098635945869,3.508521313936214,True,411
5,7,8.775240500334892,7.2328242075084,10.317656793161383,3.0848325856529835,False,411
5,11,9.23293869893543,7.642250564502268,10.823626833368591,3.181376268866323,False,411
5,1,3.5008361673267054,1.8286182247928526,5.1730541098605585,3.344435885067706,False,411
5,10,12.284857932568388,10.325924532841157,14.243791332295618,3.917866799454462,False,411
5,6,7.10343299586862,5.700442374515994,8.506423617221246,2.8059812427052524,True,411
5,10,12.67269836315659,10.826964451725075,14.518432274588104,3.6914678228630287,False,411
5,7,4.515065188483339,2.655747871858328,6.3743825051083505,3.7186346332500224,False,411
5,6,5.213327795606022,3.2635976019575654,7.1630579892544795,3.899460387296914,True,411
5,5,3.8970448089770713,1.853893594765053,5.94019602318909,4.0863024284240375,True,411
5,2,3.0822189856360147,1.6748562842013426,4.489581687070687,2.8147254028693443,True,411
5,1,-0.5752111094032184,-2.0756804242440925,0.9252582054376557,3.000938629681748,False,411
5,12,13.136242724006228,11.12554338914722,15.146942058865237,4.0213986697180175,True,411
5,4,6.05580421599507,4.343036284338115,7.768572147652025,3.4255358633139092,False,411
5,9,10.042804350126,8.256139538335686,11.829469161916313,3.5733296235806264,True,411
5,8,8.425626535492253,6.570384250231793,10.280868820752712,3.7104845705209186,True,411
5,3,1.518189988648876,-0.3482264124830845,3.3846063897808367,3.7328328022639212,True,411
5,11,9.729723550811952,7.687277736501452,11.772169365122453,4.084891628621001,True,411
5,10,11.874428357945,9.786553597148202,13.962303118741797,4.175749521593595,True,411
5,6,7.169023505857998,5.2739804747427765,9.06406653697322,3.7900860622304435,True,411
5,4,3.9414707209336837,2.3480399451874288,5.534901496679939,3.18686155149251,True,411
5,3,2.3731356813511644,0.36690817441943846,4.37936318828289,4.012455013863452,True,411
5,11,7.961288190332935,6.5336642865362045,9.388912094129665,2.855247807593461,False,411
5,12,10.393721371973342,8.839401711137443,11.948041032809241,3.1086393216717987,False,411
5,5,7.867128630709585,5.848616580876531,9.88564068054264,4.037024099666109,False,411
5,2,0.07931664349629974,-1.4924967782297842,1.6511300652223837,3.143626843452168,False,411
5,1,1.2842197318316209,-0.26283383970486396,2.8312733033681057,3.0941071430729696,True,411
5,8,9.511165959792798,8.021605338905093,11.000726580680503,2.9791212417754096,False,411
5,9,7.117615997996561,5.125768140169209,9.109463855823913,3.9836957156547044,True,411
5,7,7.277065712171625,5.535358458268501,9.01877296607475,3.4834145078062484,True,411
5,8,9.406873306265982,7.543364374804921,11.270382237727043,3.7270178629221222,True,411
5,9,9.018748982860876,7.458866068621939,10.578631897099813,3.119765828477874,True,411
5,6,10.302604583500152,8.381169756862338,12.224039410137966,3.8428696532756277,False,411
5,3,0.4971011116827073,-1.4257027513075549,2.4199049746729697,3.845607725980525,False,411
5,1,2.588092794825818,0.9769828374730356,4.199202752178601,3.2222199147055655,True,411
5,13,12.740797393905304,11.061355159574806,14.420239628235802,3.358884468660996,True,411
5,11,12.157880232255012,10.618462672311972,13.697297792198052,3.0788351198860795,True,411
5,5,5.661960727548869,3.5882898813005784,7.735631573797159,4.14734169249658,True,411
5,10,8.900265704335006,7.057162575650979,10.743368833019032,3.6862062573680525,True,411
5,7,7.34349458868901,5.299095685123868,9.387893492254152,4.088797807130284,True,411
5,12,9.21314782290257,7.608455894174274,10.817839751630867,3.2093838574565927,False,411
5,4,4.904871250857091,2.9668205814692574,6.842921920244924,3.876101338775667,True,411
5,2,2.4472376989857887,0.5203561770794183,4.374119220892159,3.853763043812741,True,411
5,9,9.957990252964654,8.082803482164298,11.83317702376501,3.7503735416007125,True,411
5,7,8.587177487630726,6.521115668194855,10.653239307066595,4.13212363887174,True,411
5,2,2.5514297603145666,0.8839195428271667,4.218939977801966,3.3350204349747994,True,411
5,1,1.2221341296974142,-0.2622656057367836,2.706533865131612,2.9687994708683956,True,411
5,4,2.6783974950080616,0.8171069897346992,4.539688000281424,3.7225810105467243,True,411
5,10,8.931668854526423,7.030249693527303,10.833088015525544,3.802838321998241,True,411
5,6,7.780101930265996,5.986143064089688,9.574060796442303,3.587917732352615,True,411
5,11,13.154503108558968,11.617086643009369,14.691919574108567,3.0748329310991984,False,411
5,3,2.6428343455319188,0.8980633728356013,4.387605318228236,3.4895419453926353,True,411
5,12,12.069004120879912,10.458178604403418,13.679829637356406,3.2216510329529875,True,411
5,8,6.643078437509351,4.951943422886557,8.334213452132143,3.3822700292455865,True,411
5,5,6.759135267901167,4.916299660062718,8.601970875739616,3.685671215676898,True,411
5,10,10.998125235537668,9.085625631463053,12.910624839612282,3.8249992081492294,True,411
5,6,8.911826154695625,7.356709620034356,10.466942689356895,3.110233069322539,False,411
5,4,2.682515384230392,1.0068053829796813,4.358225385481102,3.351420002501421,True,411
5,12,11.432988151472674,9.852138923681839,13.01383737926351,3.1616984555816714,True,411
5,3,3.3471688837883584,1.8154555261312562,4.878882241445461,3.063426715314205,True,411
5,13,13.969734306588656,12.030641209991554,15.908827403185757,3.878186193194203,True,411
5,7,6.676498543678552,4.649719166554114,8.70327792080299,4.053558754248876,True,411
5,5,3.6905583643194495,2.0392966082925277,5.341820120346371,3.3025235120538436,True,411
5,2,3.3221112933853565,1.4053869760716324,5.2388356106990805,3.833448634627448,True,411
5,8,9.081703043818372,7.063462992227832,11.099943095408912,4.036480103181081,True,411
5,1,-0.3744111508455874,-2.357211017514982,1.6083887158238073,3.965599733338789,True,411
5,11,13.033164201658243,11.51247087430925,14.553857529007237,3.0413866546979875,False,411
5,9,10.755298063794905,8.695748053007264,12.814848074582546,4.1191000215752815,True,411
5,11,11.20144474587169,9.545693492372498,12.857195999370882,3.3115025069983837,True,411
5,8,8.119396793564055,6.489725799612949,9.74906778751516,3.2593419879022116,True,411
5,6,6.831086656673861,5.3942594986703405,8.267913814677382,2.873654316007041,True,411
5,9,7.707445394615613,5.975411082255878,9.439479706975348,3.46406862471947,True,411
5,7,7.045047218746123,5.575767733182943,8.514326704309303,2.93855897112636,True,411
5,5,1.7714246830862295,0.2049419411734561,3.3379074249990026,3.1329654838255463,False,411
5,2,3.3146834682544033,1.700546775089864,4.928820161418942,3.2282733863290782,True,411
5,12,9.65776016633721,7.700944494304671,11.61457583836975,3.91363134406508,False,411
5,1,3.2551297426434984,1.251872649534357,5.25838683575264,4.006514186218283,False,411
5,3,2.5048198590503246,0.9007683245521674,4.1088713935484815,3.208103068996314,True,411
5,4,3.682499527103235,1.690939835969515,5.6740592182369545,3.9831193822674393,True,411
5,10,9.058399140873242,7.067861587838953,11.04893669390753,3.9810751060685767,True,411
5,13,12.567941689116886,10.641901527015424,14.493981851218347,3.852080324202923,True,411
5,8,10.127797017722056,8.63226608829148,11.623327947152632,2.9910618588611513,False,411
5,6,2.268287015197381,0.3940287651898733,4.142545265204889,3.748516500015016,False,411
5,7,8.915448079132283,6.863747980807819,10.967148177456746,4.103400196648927,True,411
5,3,3.507035221652562,1.638198688111443,5.375871755193682,3.737673067082239,True,411
5,1,-0.8105324717858233,-2.4348922099976145,0.8138272664259678,3.2487194764235823,False,411
5,9,7.387031410426143,5.6449611526159975,9.129101668236288,3.4841405156202905,True,411
5,12,14.514589540812304,12.671401093944404,16.357777987680205,3.686376893735801,False,411
5,2,0.5817396800859032,-1.1672910379949546,2.330770398166761,3.4980614361617155,True,411
5,11,9.26997423410606,7.793073684700151,10.74687478351197,2.9538010988118186,False,411
5,10,11.705971813547094,10.095233862439521,13.316709764654668,3.221475902215147,False,411
5,4,4.5078293144288715,2.555493413143174,6.460165215714569,3.9046718025713947,True,411
5,5,3.5931116351954016,1.5996570630821911,5.586566207308612,3.9869091442264213,True,411
5,11,11.324937463106929,9.835951773648414,12.813923152565444,2.9779713789170295,True,411
5,10,8.461370974539584,6.404541537035139,10.518200412044028,4.1136588750088885,True,411
5,8,9.651232097633908,8.028819007199377,11.27364518806844,3.2448261808690617,False,411
5,7,8.5920564473097,6.737311209327299,10.446801685292101,3.7094904759648024,True,411
5,5,5.798009298232914,3.88090444654976,7.715114149916069,3.8342097033663087,True,411
5,4,4.542491591870525,2.5835023817394664,6.501480802001584,3.9179784202621177,True,411
5,2,4.641782187301061,2.5895765614169965,6.693987813185125,4.104411251768129,False,411
5,1,0.9995294910823379,-0.6118044607110752,2.610863442875751,3.222667903586826,True,411
5,12,10.227188811868798,8.235762648531216,12.21861497520638,3.9828523266751645,True,411
5,9,9.67421086924846,8.18913565985457,11.159286078642351,2.9701504187877816,True,411
5,3,6.12907057430567,4.244558742879334,8.013582405732006,3.769023662852672,False,411
5,6,4.477860760221222,2.567616275326478,6.388105245115965,3.820488969789487,True,411
5,10,9.457805849959021,7.592325325255435,11.323286374662608,3.730961049407173,True,411
5,3,3.624669057152179,2.055556457644689,5.193781656659668,3.1382251990149794,True,411
5,1,0.9191427264913913,-1.0824106659292005,2.9206961189119833,4.003106784841184,True,411
5,11,9.526544629434028,8.015573233285986,11.03751602558207,3.021942792296084,True,411
5,8,9.682786784345707,8.252087879586195,11.113485689105218,2.8613978095190227,False,411
5,6,9.48006108302589,7.586893806232924,11.373228359818855,3.786334553585931,False,411
5,5,5.294197188535861,3.56961577359039,7.018778603481332,3.4491628298909416,True,411
5,13,11.643897565396,9.659025944824789,13.62876918596721,3.969743241142421,True,411
5,2,-0.32344078758021233,-1.9838741291841326,1.336992554023708,3.3208666832078406,False,411
5,12,12.386963971831772,10.876396555171398,13.897531388492146,3.0211348333207475,True,411
5,9,10.655816014974386,8.67976128755371,12.631870742395062,3.9521094548413522,True,411
5,4,4.712751619743073,2.9370112430338224,6.488491996452323,3.5514807534185007,True,411
5,7,6.996394238621719,5.471254503256438,8.521533973987,3.050279470730561,True,411
5,5,4.116092522316041,2.2208916699674837,6.011293374664598,3.7904017046971146,True,411
5,3,1.3617545509228655,-0.38765461722481986,3.111163719070551,3.498818336295371,True,411
5,11,12.252126989487323,10.437788945193233,14.066465033781412,3.628676088588179,True,411
5,8,9.370657432078378,7.6562315897944595,11.085083274362297,3.428851684567838,True,411
5,2,-0.3185946800360995,-2.2892619387626443,1.652072578690445,3.9413345174530896,False,411
5,12,14.384758467271027,12.413496442011835,16.35602049253022,3.9425240505183847,False,411
5,9,9.861106831341003,7.97356595213668,11.748647710545324,3.7750817584086436,True,411
5,7,9.09939196771869,7.632629008132488,10.566154927304892,2.9335259191724035,False,411
5,13,10.986808377272327,9.009073520145826,12.964543234398828,3.9554697142530024,False,411
5,1,-1.0487362331231584,-2.909541942894419,0.812069476648102,3.721611419542521,False,411
5,10,9.776546035349055,7.897619199699394,11.655472870998716,3.7578536712993227,True,411
5,4,4.754176640342791,3.107965261528094,6.400388019157489,3.2924227576293954,True,411
5,6,8.694541234390446,6.688643143601064,10.700439325179827,4.011796181578763,False,411
5,7,8.059118370722697,6.160442822559079,9.957793918886313,3.797351096327234,True,411
5,5,4.63597808478195,3.164206726433278,6.107749443130622,2.943542716697344,True,411
5,2,0.4604461885011619,-1.2169725088017982,2.137864885804122,3.3548373946059202,True,411
5,11,12.845000859078725,10.834155873579826,14.855845844577624,4.021689970997798,True,411
5,10,8.552941861373927,7.12672815919142,9.979155563556436,2.8524274043650157,False,411
5,9,11.442702832158481,9.379582587141186,13.505823077175776,4.12624049003459,False,411
5,6,5.573423025590236,3.7069397696609405,7.439906281519531,3.7329665118585904,True,411
5,12,14.385873108926775,12.552681177835224,16.21906504001833,3.666383862183105,False,411
5,4,5.0183969350889175,3.4365739864022835,6.6002198837755515,3.163645897373268,True,411
5,3,2.7945067658363127,1.2278484863480192,4.361165045324606,3.1333165589765866,True,411
5,8,7.22090544226081,5.171271549350422,9.270539335171199,4.099267785820777,True,411
5,1,0.4886381839808803,-1.112491625802225,2.089767993763986,3.202259619566211,True,411
5,13,13.642475038562857,11.708873015181954,15.57607706194376,3.867204046761806,True,411
5,12,12.115734744326575,10.44852655824231,13.78294293041084,3.33441637216853,True,411
5,8,7.109282887896942,5.618935885250265,8.59962989054362,2.980694005293355,True,411
5,5,4.7515528845235515,3.350754560462451,6.152351208584652,2.801596648122201,True,411
5,4,4.1178655445787244,2.3453662664580994,5.8903648226993495,3.54499855624125,True,411
5,15,11.806898858377782,9.733772948122025,13.880024768633538,4.146251820511512,False,411
5,11,11.687252172183047,10.036753957162635,13.33775038720346,3.3009964300408257,True,411
5,6,4.530418162924789,2.8882408369096346,6.172595488939944,3.2843546520303093,True,411
5,2,0.27000139519138244,-1.3630490985770622,1.9030518889598271,3.2661009875368894,False,411
5,7,4.468983479333934,2.713004606011549,6.224962352656319,3.51195774664477,False,411
5,3,0.3091612531981647,-1.3911686155874268,2.009491121983756,3.400659737571183,False,411
5,1,-1.0331712546684337,-3.0395117779549206,0.9731692686180531,4.012681046572974,False,411
5,14,12.936468563554264,11.190955745320233,14.681981381788296,3.4910256364680627,True,411
5,10,12.929888706289852,11.182817412351815,14.676960000227888,3.4941425878760732,False,411
5,9,8.211180486157193,6.721448275168539,9.700912697145847,2.9794644219773083,True,411
5,15,15.266625159402047,13.188649945901144,17.34460037290295,4.155950427001805,True,411
5,13,13.600722079759493,12.033240965787542,15.168203193731443,3.134962227943902,True,411
5,6,6.196597779323773,4.75215414566025,7.641041412987296,2.8888872673270463,True,411
5,12,11.88383480891101,10.028509588791614,13.739160029030405,3.7106504402387905,True,411
5,9,7.2070593546011334,5.398954116725179,9.015164592477088,3.6162104757519096,True,411
5,5,7.176391322418818,5.4938398501372046,8.85894279470043,3.365102944563226,False,411
5,1,3.7107949654568277,2.0233343758532887,5.398255555060366,3.3749211792070777,False,411
5,3,0.47601195881597125,-1.4642492395130426,2.4162731571449854,3.8805223966580282,False,411
5,11,9.46395711367043,7.934277307734341,10.99363691960652,3.0593596118721784,False,411
5,7,6.580284486434491,4.6155080075695505,8.545060965299431,3.9295529577298804,True,411
5,8,6.553193307634713,4.707899484954517,8.398487130314908,3.6905876453603916,True,411
5,2,2.758948330183798,1.0737327211173957,4.4441639392502,3.370431218132804,True,411
5,14,12.90759169639008,11.195165093503318,14.620018299276841,3.4248532057735233,True,411
5,10,13.247584101709904,11.675453214036924,14.819714989382884,3.14426177534596,False,411
5,4,5.785822891515394,3.868516573069835,7.703129209960954,3.834612636891119,True,411
5,16,16.31886104594832,14.568224975475651,18.06949711642099,3.501272140945339,True,411
5,14,15.540479394979599,13.923617396863873,17.157341393095322,3.233723996231449,True,411
5,12,13.658850636535963,11.850269055889168,15.467432217182758,3.6171631612935897,True,411
5,11,10.154078767912635,8.067050432983546,12.241107102841724,4.174056669858178,True,411
5,6,4.775674133187053,3.0791080783596536,6.472240188014452,3.3931321096547986,True,411
5,5,5.117214594454471,3.0824662519120327,7.1519629369969095,4.069496685084877,True,411
5,3,4.292454186746916,2.658759121599468,5.926149251894364,3.2673901302948956,True,411
5,13,13.208590597980127,11.77712681215572,14.640054383804534,2.8629275716488145,True,411
5,10,7.634505276713504,6.098883275943499,9.17012727748351,3.0712440015400118,False,411
5,9,7.795763334073737,6.1107390508887836,9.48078761725869,3.3700485663699062,True,411
5,8,7.8890407046084325,6.342695037687549,9.435386371529315,3.092691333841766,True,411
5,1,0.8865015935112546,-0.506989909780797,2.279993096803306,2.7869830065841033,True,411
5,15,17.958813265184713,15.928028860553935,19.98959766981549,4.061568809261553,False,411
5,7,4.921018086401503,2.939782096577289,6.9022540762257165,3.9624719796484276,False,411
5,4,4.758383862753812,2.8479202748179056,6.668847450689718,3.8209271758718124,True,411
5,2,4.233669662492434,2.7234254941923677,5.743913830792501,3.020488336600133,False,411
5,13,16.407174618134192,14.929987993374569,17.884361242893817,2.9543732495192483,False,411
5,10,9.393403865224059,7.952972556424966,10.833835174023152,2.8808626175981864,True,411
5,7,7.7371441790803,5.839403844235164,9.634884513925435,3.7954806696902708,True,411
5,5,5.85464053579797,3.8142376565187437,7.895043415077197,4.080805758558453,True,411
5,1,1.2932225973299363,-0.40005069123947945,2.9864958858993518,3.386546577138831,True,411
5,11,10.851732198141042,9.375397529983795,12.328066866298288,2.952669336314493,True,411
5,14,14.65396308425007,12.903662752473368,16.40426341602677,3.500600663553401,True,411
5,12,8.201630872170472,6.56527797664096,9.837983767699985,3.2727057910590247,False,411
5,2,3.023104235093947,1.368642871130115,4.677565599057779,3.308922727927664,True,411
5,8,8.189266855492951,6.363073187331142,10.01546052365476,3.652387336323618,True,411
5,6,5.666287654832602,3.7722473692599343,7.560327940405269,3.788080571145335,True,411
5,9,12.070293293579336,10.599906119697701,13.540680467460971,2.94077434776327,False,411
5,4,2.9875989718141716,1.569471111018993,4.40572683260935,2.8362557215903568,True,411
5,3,2.395386016402454,0.3093359055314058,4.481436127273502,4.172100221742097,True,411
5,12,14.987329953307102,13.431862536895935,16.54279736971827,3.110934832822334,False,411
5,10,8.751908042725216,7.321072777038989,10.182743308411442,2.8616705313724538,True,411
5,10,9.174827075595191,7.649213929658367,10.700440221532016,3.0512262918736495,True,411
5,3,2.779461864853725,1.358987898564295,4.199935831143155,2.8409479325788602,True,411
5,6,7.261101723194324,5.594806799944362,8.927396646444286,3.332589846499925,True,411
5,5,5.31170376102997,3.3593638511955475,7.2640436708643925,3.904679819668845,True,411
5,4,2.061061979271606,0.42999501260706063,3.6921289459361515,3.262133933329091,False,411
5,2,1.2017471553092158,-0.5010339514827129,2.9045282621011443,3.405562213583857,True,411
5,12,11.088968350181682,9.224976231263033,12.952960469100331,3.7279842378372976,True,411
5,9,8.884168432165431,7.136305563350081,10.632031300980781,3.4957257376307,True,411
5,8,8.638765487944744,6.645291660016554,10.632239315872933,3.9869476558563797,True,411
5,7,7.627308633831958,5.630637113550081,9.623980154113834,3.9933430405637536,True,411
5,1,-1.6640176310726034,-3.064255415598107,-0.2637798465470995,2.8004755690510077,False,411
5,13,14.595911481341284,12.66053922115799,16.53128374152458,3.870744520366589,True,411
5,8,8.378853268994936,6.664542194159903,10.093164343829969,3.4286221496700655,True,411
5,5,7.07679807139086,4.994572494282641,9.159023648499078,4.164451154216437,True,411
5,13,13.666297490936008,11.936312478076122,15.396282503795895,3.459970025719773,True,411
5,3,4.651984436603643,2.5711135946497956,6.73285527855749,4.161741683907694,True,411
5,7,7.69981796717519,5.78080131220186,9.618834622148519,3.838033309946659,True,411
5,1,3.0193386343041224,1.4528105646901857,4.585866703918059,3.1330561392278735,False,411
5,11,11.783375954026667,10.014960785123419,13.551791122929915,3.536830337806496,True,411
5,12,11.853127130335643,9.768605968165565,13.937648292505722,4.1690423243401575,True,411
5,10,13.408652080670322,11.417905757269814,15.39939840407083,3.9814926468010157,False,411
5,2,3.333555683419838,1.8723900807452871,4.794721286094389,2.922331205349102,True,411
5,9,9.86061663150662,7.975177473728989,11.74605578928425,3.7708783155552617,True,411
5,6,4.085543375192496,2.451456263702496,5.719630486682496,3.2681742229799995,False,411
5,4,2.0675385738046934,0.6693409313613841,3.4657362162480028,2.7963952848866187,False,411
6,2,2.4390732232127803,0.7455116232662451,4.132634823159315,3.38712319989307,True,411
6,1,-1.1317297102184316,-3.2661148049334563,1.002655384496593,4.268770189430049,True,411
6,5,4.224294379326857,2.5232569859864986,5.925331772667215,3.402074786680716,True,411
6,4,3.2119166955445815,1.0425386164015165,5.381294774687646,4.338756158286129,True,411
6,3,4.544823808695496,2.7405464978098477,6.349101119581145,3.6085546217712974,True,411
6,6,4.404315575846953,2.822242571168303,5.9863885805256025,3.1641460093572995,False,411
6,9,7.815228841426118,5.71626113478403,9.914196548068206,4.197935413284176,True,411
6,6,6.353082390822019,4.566864389926135,8.139300391717903,3.5724360017917682,True,411
6,5,3.0113093429686284,1.0440879475843436,4.978530738352913,3.9344427907685695,False,411
6,4,3.0114898626514996,0.8453152532416555,5.177664472061344,4.332349218819688,True,411
6,3,0.5032848970001669,-0.9851424073321342,1.991712201332468,2.976854608664602,False,411
6,2,3.380017190008094,1.8578169396023203,4.902217440413868,3.0444005008115482,True,411
6,8,7.547955319339722,5.572903725037761,9.523006913641682,3.9501031886039213,True,411
6,7,6.9761232324966365,5.319518280104123,8.63272818488915,3.313209904785026,True,411
6,1,2.3740154796866353,0.7882126655008632,3.9598182938724076,3.1716056283715446,True,411
6,10,8.91659667451917,7.436019949770046,10.397173399268294,2.961153449498248,True,411
6,9,8.532019487027993,7.06415877412601,9.999880199929976,2.9357214258039654,True,411
6,8,6.415508001041388,4.40123145317642,8.429784548906357,4.0285530957299365,True,411
6,4,2.4122444185062815,0.8626457502359879,3.9618430867765753,3.0991973365405876,False,411
6,3,1.6191256589911815,-0.1724395082038741,3.4106908261862374,3.5831303343901117,True,411
6,2,1.261264413749502,-0.6306166740708028,3.1531455015698064,3.783762175640609,True,411
6,1,0.422806698740402,-1.3401767084725804,2.1857901059533846,3.5259668144259653,True,411
6,10,10.43294822634757,8.961268796751463,11.904627655943676,2.9433588591922124,True,411
6,7,5.66317457793715,3.6423524870583286,7.683996668815972,4.041644181757643,True,411
6,6,6.479449013876215,5.019816412858974,7.939081614893455,2.919265202034481,True,411
6,5,5.727501937284842,3.7223698739667888,7.732634000602895,4.010264126636105,True,411
6,11,10.298266725751601,8.197727663261425,12.398805788241777,4.201078124980352,True,411
6,6,4.792913141372429,3.026671358684922,6.559154924059936,3.5324835653750135,True,411
6,4,4.127618547969985,2.2868147125009832,5.968422383438987,3.6816076709380035,True,411
6,8,7.695623805484333,5.897333862443916,9.493913748524749,3.596579886080833,True,411
6,3,3.3305277439103183,1.5959622867897016,5.065093201030935,3.4691309142412337,True,411
6,1,3.3547996543899505,1.2585294417110688,5.451069867068832,4.192540425357763,False,411
6,10,10.102955572641573,8.00195984389516,12.203951301387987,4.201991457492827,True,411
6,11,10.041154158079802,8.345351477350048,11.736956838809556,3.391605361459508,True,411
6,7,5.663665582086912,3.7651249406722416,7.562206223501582,3.7970812828293408,True,411
6,5,3.7216975530176244,1.5967626628997271,5.846632443135522,4.2498697802357945,True,411
6,2,-0.19414946066668115,-2.344603930898102,1.9563050095647396,4.300908940462842,False,411
6,9,10.399115412518368,8.577611149171961,12.220619675864775,3.643008526692814,True,411
6,5,1.6500817709663531,-0.1306690376700681,3.4308325796027743,3.5615016172728424,False,411
6,6,6.732157226578958,5.077825153214849,8.386489299943069,3.30866414672822,True,411
6,7,5.697904139987154,3.549763160050916,7.846045119923391,4.296281959872475,True,411
6,4,3.2313921780638233,1.6757089930165214,4.787075363111125,3.1113663700946033,True,411
6,9,7.653018537683417,5.780062265472768,9.525974809894066,3.745912544421298,True,411
6,12,14.168796989463047,12.511665495244515,15.82592848368158,3.314262988437065,False,411
6,11,11.024473402528665,9.369913383736165,12.679033421321165,3.309120037585,True,411
6,1,2.1855677875642785,0.4395605931291655,3.9315749819993915,3.492014388870226,True,411
6,2,3.950790287894009,1.7736666164918438,6.127913959296174,4.354247342804331,True,411
6,10,10.245108211033605,8.753202672267895,11.737013749799315,2.9838110775314206,True,411
6,3,1.2065643437171814,-0.6654570162985822,3.078585703732945,3.744042720031527,True,411
6,8,7.669035874826342,6.157088488092731,9.180983261559954,3.023894773467223,True,411
6,3,1.8866279796506964,0.32244585707757945,3.450810102223813,3.1283642451462335,True,411
6,10,9.24474375716905,7.473621061441927,11.015866452896175,3.542245391454248,True,411
6,8,7.858064311026067,6.03547025566855,9.680658366383584,3.6451881107150337,True,411
6,7,6.798766536861604,5.158883248388959,8.438649825334249,3.27976657694529,True,411
6,6,6.618163741530429,4.936415864515602,8.299911618545256,3.3634957540296533,True,411
6,4,4.83595644067073,3.320818383964922,6.351094497376537,3.030276113411615,True,411
6,2,1.7987822356003136,0.1266446725293875,3.4709197986712397,3.344275126141852,True,411
6,1,1.6052033771618759,-0.5485180498283988,3.7589248041521506,4.307442853980549,True,411
6,11,10.175960217596838,8.038102658502616,12.31381777669106,4.275715118188444,True,411
6,12,13.972169738394754,12.277048099755303,15.667291377034205,3.390243277278902,False,411
6,9,8.151733067673531,6.28529310993515,10.018173025411912,3.7328799154767616,True,411
6,5,6.795779726933642,4.683413472987096,8.908145980880187,4.224732507893091,True,411
6,12,9.785899362342416,8.329409907105125,11.242388817579707,2.912978910474582,False,411
6,7,6.4293891138837305,4.388832841818639,8.469945385948822,4.081112544130184,True,411
6,6,5.503532739579591,3.363016444254836,7.644049034904347,4.281032590649511,True,411
6,4,4.418487692122711,2.9001852089965485,5.936790175248873,3.036604966252325,True,411
6,10,11.292725204828235,9.723514184768334,12.861936224888137,3.138422040119803,True,411
6,5,3.1259071954107083,0.9764053795987042,5.275409011222712,4.299003631624008,True,411
6,2,0.3380254369356388,-1.5042287073472524,2.18027958121853,3.684508288565782,True,411
6,13,10.897137898425644,9.434831141799172,12.359444655052116,2.924613513252943,False,411
6,8,9.980276295797626,8.341235464695304,11.619317126899949,3.278081662204645,False,411
6,3,3.4464074141956837,1.6677483066764915,5.225066521714876,3.557318215038384,True,411
6,11,9.373443187314315,7.418391317910333,11.328495056718296,3.9101037388079627,True,411
6,9,8.335357689065894,6.351083254538578,10.31963212359321,3.968548869054633,True,411
6,1,2.7726420934922418,0.5979660751083609,4.947318111876123,4.349352036767762,True,411
6,2,1.5828211545331428,-0.07791197621946644,3.243554285285752,3.3214662615052184,True,411
6,12,11.49421779331324,9.651469999356728,13.336965587269752,3.6854955879130245,True,411
6,9,7.828054939765412,5.9888620440193385,9.667247835511485,3.678385791492147,True,411
6,7,5.462511529271856,3.7160130709131614,7.20900998763055,3.4929969167173884,True,411
6,4,5.7749857156647355,4.2001741807351385,7.3497972505943325,3.149623069859194,False,411
6,1,3.5108523831130904,1.349218918241621,5.67248584798456,4.323266929742939,False,411
6,10,8.522208395818978,6.450700118299037,10.593716673338921,4.1430165550398845,True,411
6,13,15.10741349382718,13.293623715285563,16.921203272368796,3.6275795570832337,False,411
6,6,5.268915875564842,3.378959698696236,7.1588720524334475,3.7799123537372115,True,411
6,5,5.80047199305333,4.183480468169015,7.417463517937645,3.2339830497686304,True,411
6,8,10.115320707221612,8.268531294117203,11.96211012032602,3.6935788262088174,False,411
6,11,10.782385106444552,8.82583678979836,12.738933423090744,3.9130966332923833,True,411
6,3,2.5080871195989616,0.6820758569902978,4.3340983822076256,3.652022525217328,True,411
6,16,17.201621445682278,15.03067441183761,19.372568479526944,4.341894067689333,True,411
6,12,10.335070744445627,8.439236702009778,12.230904786881476,3.7916680848716986,True,411
6,9,10.720592066760645,8.99926515141873,12.44191898210256,3.442653830683831,True,411
6,6,6.214214088663875,4.201631716614776,8.226796460712972,4.025164744098196,True,411
6,11,10.133374237768734,8.557618454360462,11.709130021177007,3.151511566816545,True,411
6,10,9.093748595026218,7.362590114275468,10.824907075776968,3.4623169615015,True,411
6,8,5.924806232257451,4.220914034283323,7.628698430231578,3.407784395948255,False,411
6,7,6.195741750064015,4.430249799015769,7.961233701112262,3.5309839020964926,True,411
6,4,3.603943357008398,1.5843712033841428,5.623515510632654,4.039144307248511,True,411
6,14,12.408059702432777,10.604550081082142,14.211569323783412,3.60701924270127,True,411
6,13,12.931802535806494,10.903348044913404,14.960257026699583,4.056908981786179,True,411
6,15,15.709375626788244,13.838844683108702,17.579906570467788,3.741061887359086,True,411
6,5,4.679791796000872,2.979449386439487,6.380134205562257,3.40068481912277,True,411
6,2,2.9940887397789,0.954044171864699,5.034133307693101,4.080089135828402,True,411
6,1,-0.2107099744690042,-1.8357082752905487,1.4142883263525403,3.249996601643089,True,411
6,3,4.50507414632991,2.890172102995259,6.119976189664562,3.2298040866693025,True,411
6,9,9.182722058662288,7.364452935798477,11.000991181526098,3.636538245727621,True,411
6,11,13.317885754632115,11.676509202063638,14.959262307200593,3.2827531051369547,False,411
6,5,8.6213259683581,7.162728780983517,10.079923155732683,2.9171943747491653,False,411
6,10,9.294634611545078,7.371970606726149,11.217298616364008,3.8453280096378597,True,411
6,4,3.356404184647813,1.5333500702588518,5.179458299036774,3.6461082287779227,True,411
6,2,1.6306368170769239,-0.14480911624511106,3.4060827503989586,3.5508918666440694,True,411
6,6,6.893553375263272,4.7395342336503745,9.04757251687617,4.308038283225795,True,411
6,1,2.988954955712635,1.1222643481555594,4.855645563269711,3.7333812151141514,False,411
6,3,2.020787273745295,-0.05806405172979767,4.099638599220388,4.157702650950185,True,411
6,8,8.57186639971711,7.018625528232163,10.125107271202056,3.106481742969893,True,411
6,7,6.796109065216349,4.930865172984385,8.661352957448313,3.7304877844639286,True,411
6,12,12.927163653810883,10.845010444804247,15.009316862817519,4.164306418013272,True,411
6,8,10.264186540111535,8.388851760326329,12.13952131989674,3.7506695595704116,False,411
6,2,1.6395076438504776,-0.3337706494697257,3.612785937170681,3.9465565866404066,True,411
6,1,-1.504801500010596,-3.2269051302422587,0.21730213022106648,3.444207260463325,False,411
6,6,7.115852515320439,5.596734165951529,8.63497086468935,3.0382366987378218,True,411
6,5,3.750942172091821,1.966506557829567,5.535377786354075,3.5688712285245074,True,411
6,10,9.785326394554334,8.046934356805323,11.523718432303344,3.4767840754980206,True,411
6,11,12.180546255307421,10.099060562900306,14.262031947714537,4.162971384814231,True,411
6,4,4.4460922802966625,2.816951690788768,6.075232869804557,3.258281179015789,True,411
6,9,8.847419961670433,6.693570912479943,11.001269010860922,4.307698098380978,True,411
6,7,6.136177431312518,3.9885691563344543,8.283785706290582,4.295216549956127,True,411
6,3,-1.3498406704124983,-2.9816212432823628,0.28193990245736633,3.263561145739729,False,411
6,4,5.047481223634303,3.3427955039577686,6.752166943310838,3.4093714393530696,True,411
6,3,2.6205724511613537,0.5183989832869131,4.722745919035795,4.204346935748882,True,411
6,2,4.270004417533588,2.116236685163014,6.4237721499041625,4.307535464741148,False,411
6,1,1.5970420449428047,-0.17689474371616365,3.370978833601773,3.5478735773179366,True,411
6,9,8.188311941197735,6.503268086062444,9.873355796333028,3.3700877102705844,True,411
6,7,8.60030513256406,6.76636087894344,10.43424938618468,3.6678885072412397,True,411
6,8,9.726694108937286,7.7753736651157626,11.67801455275881,3.902640887643048,True,411
6,11,10.671452278471284,9.020909780309047,12.32199477663352,3.301084996324473,True,411
6,5,6.790467298359841,4.803787773586395,8.777146823133288,3.973359049546893,True,411
6,10,9.167037916920929,7.6775346756557,10.656541158186158,2.9790064825304583,True,411
6,6,6.2394716541118544,4.751683852364888,7.727259455858821,2.975575603493933,True,411
6,11,11.857112581578171,10.124667707642505,13.589557455513837,3.4648897478713323,True,411
6,6,7.177172376021284,5.468550838585201,8.885793913457366,3.4172430748721654,True,411
6,3,3.932282772923835,2.2511330585672824,5.613432487280388,3.3622994287131056,True,411
6,1,0.5010142291552413,-1.3074661185423875,2.3094945768528703,3.6169606953952576,True,411
6,12,13.640546461037163,11.955693880278963,15.325399041795363,3.3697051615164,True,411
6,4,3.8133590153403722,2.2217797665325376,5.404938264148207,3.1831584976156693,True,411
6,9,8.14645895658721,6.469784063948886,9.823133849225535,3.3533497852766487,True,411
6,10,9.168493049030003,7.008712546969772,11.328273551090234,4.319561004120462,True,411
6,8,10.909982587214502,9.159514246476242,12.660450927952763,3.500936681476521,False,411
6,7,5.887024857862083,4.112163381862931,7.661886333861235,3.5497229519983033,True,411
6,5,6.93745284014067,5.066881177436143,8.808024502845198,3.7411433254090554,False,411
6,2,0.2967999562847452,-1.8691054415839834,2.462705354153474,4.331810795737457,True,411
6,3,3.7318581676112794,2.1044556409189155,5.359260694303643,3.2548050533847275,True,411
6,11,11.445625177236252,9.499014364989705,13.3922359894828,3.893221624493094,True,411
6,10,12.431840319589341,10.46003543207805,14.403645207100633,3.9436097750225834,False,411
6,7,6.018397157247228,4.125479630655462,7.911314683838993,3.785835053183531,True,411
6,6,4.604003673059419,3.0876957984832156,6.120311547635623,3.0326157491524075,True,411
6,5,4.825234432479527,2.881825160228706,6.768643704730348,3.886818544501642,True,411
6,12,14.49720274386068,12.998669983648416,15.995735504072943,2.9970655204245276,False,411
6,1,-0.3262377199156521,-2.211037283488877,1.558561843657573,3.76959912714645,True,411
6,9,5.117375051693701,3.128439117030716,7.106310986356686,3.97787186932597,False,411
6,8,8.089651756059924,6.48448761546984,9.694815896650008,3.2103282811801677,True,411
6,2,3.424284376941513,1.3612667994654593,5.487301954417568,4.126035154952108,True,411
6,4,2.4792911010402054,1.0052542382232441,3.953327963857167,2.9480737256339227,False,411
6,6,7.2718982600298965,5.207290121013966,9.336506399045827,4.129216278031861,True,411
6,8,6.446133522481316,4.659934631714668,8.232332413247963,3.5723977815332955,True,411
6,7,6.780162196462482,5.170193352072108,8.390131040852856,3.219937688780748,True,411
6,3,4.129023472929086,2.5799005396634653,5.678146406194707,3.098245866531242,True,411
6,5,3.2188018973923422,1.07470089372754,5.3629029010571445,4.2882020073296045,True,411
6,4,4.272269997261332,2.767514780677412,5.777025213845252,3.00951043316784,True,411
6,2,3.8224602669383554,2.2259184440648734,5.419002089811837,3.1930836457469636,False,411
6,13,13.710901148817026,12.006382124580634,15.415420173053418,3.409038048472784,True,411
6,10,8.919060913613848,7.016770413268074,10.821351413959622,3.804581000691548,True,411
6,12,14.27807752907519,12.430551941164744,16.125603116985637,3.6950511758208933,False,411
6,11,11.987588767883736,10.444371592392397,13.530805943375075,3.086434350982678,True,411
6,9,6.20932800011354,4.546985483919595,7.871670516307484,3.3246850323878885,False,411
6,1,2.2963654221013394,0.6710316362928859,3.9216992079097928,3.2506675716169067,True,411
6,5,4.142938621374085,2.5359065090140964,5.749970733734073,3.2140642247199764,True,411
6,2,2.2948453214636966,0.5443545331792261,4.045336109748167,3.5009815765689405,True,411
6,12,13.51200600643989,11.548879171858347,15.475132841021432,3.926253669163085,True,411
6,8,7.175593123002749,5.565722294213036,8.785463951792464,3.2197416575794273,True,411
6,4,1.5316110789372788,-0.1865977877270859,3.2498199456016437,3.43641773332873,False,411
6,3,5.258317787858743,3.5225117359720586,6.994123839745427,3.4716121037733685,False,411
6,9,10.746875206802923,8.585967766432814,12.90778264717303,4.321814880740217,True,411
6,7,6.8691159802255815,4.724028205131377,9.014203755319786,4.290175550188408,True,411
6,11,12.280132177238173,10.247232292160165,14.31303206231618,4.065799770156016,True,411
6,1,0.4459199019044733,-1.1815244746102553,2.073364278419202,3.2548887530294577,True,411
6,10,10.145455265141274,8.644060175110722,11.646850355171827,3.0027901800611048,True,411
6,6,5.78356808604489,4.101495682059717,7.465640490030063,3.364144807970346,True,411
6,10,9.506583871964047,7.860891029075086,11.152276714853008,3.2913856857779216,True,411
6,7,7.5389538701286325,5.71965173922235,9.358256001034915,3.6386042618125654,True,411
6,6,4.187731764531618,2.1711013018224,6.204362227240836,4.0332609254184355,True,411
6,5,4.6226287538516315,2.547486300225581,6.6977712074776825,4.150284907252102,True,411
6,2,2.471719208725107,0.40634788271707833,4.537090534733136,4.130742652016058,True,411
6,1,3.7571510619424537,2.0440266044945066,5.470275519390401,3.4262489148958943,False,411
6,12,10.248698677030957,8.2977665436785,12.199630810383413,3.901864266704912,True,411
6,4,4.7808295865986405,3.1017119591960567,6.459947214001224,3.3582352548051677,True,411
6,9,9.945223164641792,8.44900574025305,11.441440589030535,2.992434848777485,True,411
6,8,5.184921903975895,3.223585521148159,7.146258286803631,3.922672765655472,False,411
6,3,3.6157980216138776,2.1566632184482115,5.074932824779544,2.9182696063313323,True,411
6,11,12.320427618475671,10.57136105998081,14.069494176970533,3.498133116989724,True,411
6,10,10.882979019073652,9.191849669560344,12.574108368586959,3.3822586990266146,True,411
6,6,5.8741091176909865,3.9187170247262997,7.829501210655673,3.9107841859293733,True,411
6,4,4.499860054783643,2.4915658415596083,6.5081542680076785,4.01658842644807,True,411
6,3,3.254767045873545,1.5819943401583931,4.927539751588697,3.3455454114303045,True,411
6,11,8.465813992527208,6.4245727800402435,10.507055205014172,4.082482424973929,False,411
6,12,12.289980487131698,10.624596919005116,13.955364055258281,3.330767136253165,True,411
6,5,4.449394391027491,2.6733614536772476,6.225427328377735,3.552065874700487,True,411
6,2,0.9427667435030256,-1.0370487071092358,2.9225821941152867,3.9596309012245223,True,411
6,1,4.727454930379981,2.7723948439627843,6.682515016797177,3.910120172834393,False,411
6,8,9.878923579429337,7.71009406853068,12.047753090327994,4.3376590217973146,True,411
6,9,7.2747419095284185,5.659275005947652,8.890208813109185,3.2309338071615326,False,411
6,7,7.519954294848759,5.587111489619022,9.452797100078495,3.8656856104594732,True,411
6,8,10.187037913346487,8.292408847938272,12.0816669787547,3.789258130816428,False,411
6,9,6.755701268885997,4.639339790926236,8.872062746845758,4.232722955919522,False,411
6,6,6.115474712110731,4.549955797276551,7.680993626944911,3.13103782966836,True,411
6,3,3.1861090885792405,1.1883036218151273,5.183914555343353,3.995610933528226,True,411
6,1,-0.9117393237485341,-2.7763023391596597,0.9528236916625918,3.7291260308222514,False,411
6,13,13.569325456918344,11.917918035452324,15.220732878384364,3.3028148429320403,True,411
6,11,12.674369585777187,10.877929838106338,14.470809333448036,3.5928794953416983,True,411
6,5,7.26207138712873,5.567749577656056,8.956393196601402,3.3886436189453457,False,411
6,10,9.625953847561082,7.753372317136659,11.498535377985505,3.7451630608488458,True,411
6,7,10.752467552702669,8.655053109251222,12.849881996154116,4.194828886902894,False,411
6,12,8.913049869904867,7.047734451221609,10.778365288588127,3.730630837366518,False,411
6,4,4.534325064721694,2.6236945890165932,6.444955540426794,3.821260951410201,True,411
6,2,-0.11844147989478326,-1.9470524169000625,1.710169457110496,3.6572218740105584,False,411
6,9,9.13527395624535,7.646127798565934,10.624420113924765,2.978292315358831,True,411
6,7,6.217139874842456,4.596084562550411,7.838195187134501,3.2421106245840896,True,411
6,2,2.760316184585842,0.95112292901815,4.569509440153534,3.618386511135384,True,411
6,1,0.8096789288467087,-0.8675518871519471,2.4869097448453643,3.3544616319973115,True,411
6,4,2.7610237329602256,1.1770633609855985,4.344984104934853,3.1679207439492547,True,411
6,10,8.85956357865403,7.041563135421243,10.677564021886816,3.636000886465573,True,411
6,6,8.898689246174328,7.212329336131189,10.585049156217467,3.372719820086278,False,411
6,11,11.665285607693622,10.025899458749723,13.304671756637521,3.278772297887798,True,411
6,3,0.44680694019241773,-1.342046472869299,2.2356603532541346,3.5777068261234337,False,411
6,12,12.826181602675145,11.277417231307489,14.374945974042802,3.0975287427353138,True,411
6,8,7.707985006463004,5.582441604250258,9.83352840867575,4.251086804425492,True,411
6,5,5.006901630645708,2.9249499075563405,7.088853353735075,4.163903446178734,True,411
6,10,11.229832230972695,9.264099685725066,13.195564776220325,3.9314650904952586,True,411
6,6,7.774840760569269,6.245729521740049,9.303951999398489,3.0582224776584397,False,411
6,4,2.7117809081189668,0.6964940213739697,4.727067794863964,4.030573773489994,True,411
6,12,11.955387518766925,9.916810498559776,13.993964538974073,4.077154040414296,True,411
6,3,2.180833495892146,0.17143638343153622,4.190230608352755,4.018794224921219,True,411
6,13,13.895293271611393,12.360554037562824,15.430032505659963,3.069478468097138,True,411
6,7,6.651543259395746,4.732066082564549,8.571020436226943,3.8389543536623947,True,411
6,5,5.043877219552813,2.98615741783875,7.101597021266876,4.1154396034281255,True,411
6,2,1.594584858484753,-0.27657371080072557,3.4657434277702315,3.7423171385709573,True,411
6,8,7.840820726646002,5.91952897223041,9.762112481061594,3.8425835088311846,True,411
6,1,3.5569765088922027,1.7722046228287043,5.341748394955701,3.5695437721269965,False,411
6,11,14.586149247151585,12.750307732915763,16.421990761387406,3.6716830284716426,False,411
6,9,9.565638140613714,8.088680541450362,11.042595739777067,2.9539151983267047,True,411
6,11,10.850045330274645,8.93415817632204,12.76593248422725,3.83177430790521,True,411
6,8,5.606544858665475,4.095414182106493,7.117675535224457,3.0222613531179636,False,411
6,6,4.85937270028294,3.091552104791937,6.627193295773942,3.5356411909820054,True,411
6,9,8.809895946321141,7.1454283454146035,10.47436354722768,3.328935201813077,True,411
6,7,5.92740516904386,4.079424477190156,7.775385860897564,3.6959613837074077,True,411
6,5,4.0851488556921165,2.536288596102268,5.634009115281965,3.0977205191796973,True,411
6,2,4.363084211084248,2.4089511012516187,6.3172173209168765,3.908266219665258,False,411
6,12,12.043186220607723,10.014007844797653,14.072364596417792,4.058356751620138,True,411
6,1,1.1773179871029054,-0.3932773434106265,2.747913317616437,3.1411906610270637,True,411
6,3,1.9887141594926598,0.46098285807519335,3.516445460910126,3.0554626028349325,True,411
6,4,5.766317087154379,4.208672846650756,7.323961327658002,3.115288481007246,False,411
6,10,9.681132058017148,7.592337448078836,11.76992666795546,4.177589219876624,True,411
6,13,12.218704502273715,10.383239098238601,14.054169906308829,3.670930808070228,True,411
6,8,5.628873774035838,3.837642290934391,7.420105257137284,3.5824629662028933,False,411
6,6,5.908347129372951,4.378874348704642,7.437819910041259,3.0589455613366177,True,411
6,7,6.171912997333898,4.248335336428344,8.095490658239452,3.8471553218111083,True,411
6,3,5.526869619025349,3.4447019153095138,7.609037322741184,4.16433540743167,False,411
6,1,3.765848038002926,1.7125850968740988,5.819110979131753,4.106525882257654,False,411
6,9,7.147079257850589,5.240563539130527,9.05359497657065,3.8130314374401237,True,411
6,12,10.316770143178504,8.810117794889388,11.82342249146762,3.0133046965782313,False,411
6,2,1.5855205473103284,0.051920305580542836,3.119120789040114,3.0672004834595707,True,411
6,11,9.775943156908593,8.288144832266859,11.263741481550326,2.9755966492834673,True,411
6,10,10.32612486353007,8.687194952356538,11.965054774703603,3.2778598223470645,True,411
6,4,3.5100647663716487,1.9595745412132142,5.060554991530083,3.1009804503168685,True,411
6,5,5.4207985108328876,3.7800036336096206,7.0615933880561546,3.281589754446534,True,411
6,11,12.52414028247045,10.792588134018484,14.255692430922416,3.463104296903932,True,411
6,10,8.40366773449674,6.267062233261095,10.540273235732384,4.273211002471289,True,411
6,8,9.492816833716098,7.59768381431459,11.387949853117608,3.7902660388030176,True,411
6,7,5.907021378519735,3.8488304101139046,7.965212346925565,4.11638193681166,True,411
6,5,8.222724273723163,6.2550090842060095,10.190439463240317,3.9354303790343073,False,411
6,4,6.431463949374082,4.897786676611748,7.965141222136417,3.067354545524669,False,411
6,2,1.830379496170647,-0.15589871885683992,3.816657711198134,3.972556430054974,True,411
6,1,-0.44537516679506206,-2.0970969548069864,1.2063466212168623,3.3034435760238487,True,411
6,12,10.267701030488125,8.351708733569968,12.183693327406282,3.8319845938363137,True,411
6,9,10.310442753111795,8.610904360246986,12.009981145976605,3.399076785729619,True,411
6,3,2.954395850204252,0.7780857870741098,5.130705913334395,4.352620126260285,True,411
6,6,7.390300328627937,5.746961954513276,9.033638702742598,3.286676748229322,True,411
6,10,13.30634345394346,11.65169473216134,14.96099217572558,3.3092974435642404,False,411
6,3,1.8444255919258146,-0.28324246561248656,3.9720936494641155,4.255336115076602,True,411
6,1,-0.845207365637132,-2.3150992034031024,0.6246844721288383,2.939783675531941,False,411
6,11,11.288840351798939,9.331044146602999,13.24663655699488,3.9155924103918807,True,411
6,8,9.717139417178446,7.738552457504198,11.695726376852694,3.957173919348495,True,411
6,6,4.589309565321364,2.530098718121414,6.648520412521314,4.118421694399901,True,411
6,5,5.051937108138869,2.892494168615336,7.211380047662402,4.318885879047066,True,411
6,13,15.055065491756485,12.894778498448755,17.215352485064216,4.320573986615461,True,411
6,2,-0.44931675773555835,-1.9487076837288113,1.0500741682576946,2.998781851986506,False,411
6,12,12.35297694215865,10.304321593840042,14.401632290477258,4.097310696637216,True,411
6,9,8.189845359601822,6.268624347766563,10.111066371437081,3.842442023670518,True,411
6,4,4.186234886456955,2.2642644969020904,6.1082052760118195,3.843940779109729,True,411
6,7,8.064676435875532,6.519494389153263,9.6098584825978,3.0903640934445376,True,411
6,5,5.331212761832137,3.4071768789925923,7.255248644671681,3.848071765679089,True,411
6,3,1.4846663968322173,-0.6806159566842884,3.649948750348723,4.3305647070330116,True,411
6,11,10.248130792649782,8.134150511164144,12.36211107413542,4.227960562971276,True,411
6,8,10.139889470486699,8.369080610742378,11.91069833023102,3.5416177194886416,False,411
6,2,2.4933993408861475,1.012397112280443,3.974401569491852,2.9620044572114095,True,411
6,12,13.260478691377273,11.545453617637124,14.975503765117422,3.430050147480298,True,411
6,9,9.375442965274564,7.323483599052561,11.427402331496566,4.103918732444005,True,411
6,7,8.21367410236288,6.252385754699169,10.174962450026591,3.9225766953274217,True,411
6,13,12.405780865094018,10.620297371132805,14.19126435905523,3.570966987922425,True,411
6,1,-0.15126747015115338,-1.6432711846764647,1.340736244374158,2.9840074290506227,True,411
6,10,11.14554657377207,9.383621001372351,12.907472146171788,3.523851144799437,True,411
6,4,5.691061015668334,3.89854890943315,7.483573121903517,3.5850242124703673,True,411
6,6,4.628578033805037,2.5024467169238944,6.75470935068618,4.252262633762285,True,411
6,7,6.136082782864408,4.218654271663761,8.053511294065055,3.8348570224012946,True,411
6,5,4.75516035765364,3.076900340162365,6.433420375144915,3.35652003498255,True,411
6,2,4.429736907473973,2.5963558474827497,6.263117967465197,3.6667621199824474,False,411
6,11,11.84470318275239,10.344747029273503,13.344659336231278,2.999912306957775,True,411
6,10,8.01386975520117,5.855785216119461,10.17195429428288,4.316169078163419,True,411
6,9,8.860525812615748,7.147122323814041,10.573929301417454,3.4268069776034134,True,411
6,6,5.631181866374349,3.8322501667074125,7.430113566041285,3.597863399333873,True,411
6,12,10.240095665994104,8.5301595006981,11.95003183129011,3.4198723305920105,False,411
6,4,3.8428121246579083,1.895308608593547,5.79031564072227,3.8950070321287225,True,411
6,3,2.5649438405904412,0.6321632936431569,4.497724387537725,3.865561093894568,True,411
6,8,7.457551214574262,5.486227217130109,9.428875212018415,3.942647994888306,True,411
6,1,0.38892794892728344,-1.257744035770971,2.035599933625538,3.293343969396509,True,411
6,13,15.207090322523205,13.525915005198094,16.888265639848317,3.362350634650223,False,411
6,12,11.454445325849226,9.911512932073379,12.997377719625074,3.085864787551696,True,411
6,8,8.074506584450397,6.1466063448901185,10.002406824010675,3.855800479120557,True,411
6,5,4.911852931584907,3.430960217139223,6.3927456460305905,2.9617854288913676,True,411
6,4,3.242474724448996,1.3565573488589646,5.128392100039028,3.771834751180063,True,411
6,15,15.119257098551547,13.03585788614926,17.202656310953834,4.166798424804574,True,411
6,11,11.098025894146645,8.99928175448837,13.196770033804919,4.197488279316548,True,411
6,6,6.119634790348824,4.341633376320232,7.897636204377417,3.556002828057185,True,411
6,2,0.7111502868553683,-1.0743041907873232,2.49660476449806,3.5709089552853834,True,411
6,7,6.690813239121038,5.182933612257218,8.198692865984858,3.0157592537276408,True,411
6,3,4.140482813024787,2.2015074045531424,6.079458221496431,3.8779508169432884,True,411
6,1,0.7302750529299395,-1.317959286260746,2.7785093921206254,4.096468678381371,True,411
6,14,14.242672868901888,12.613053299258866,15.87229243854491,3.259239139286045,True,411
6,10,10.250555501089533,8.49269106102371,12.008419941155356,3.515728880131647,True,411
6,9,9.626092696100876,7.565095337609289,11.687090054592463,4.121994716983174,True,411
6,15,15.837976372520716,13.749186912997896,17.926765832043536,4.17757891904564,True,411
6,13,12.73877408537617,11.110225419704342,14.367322751047997,3.2570973313436546,True,411
6,6,4.632997045361855,2.781282764684825,6.484711326038886,3.7034285613540607,True,411
6,12,10.171927006987687,8.580176979626076,11.763677034349298,3.183500054723222,False,411
6,9,10.526529619104538,9.00056563633922,12.052493601869857,3.0519279655306377,False,411
6,5,6.1553756719566,4.0419021879460395,8.26884915596716,4.226946968021121,True,411
6,1,1.9740470265062897,-0.07364142156622178,4.021735474578801,4.095376896145023,True,411
6,3,4.21680529179401,2.213019953084906,6.220590630503114,4.007570677418208,True,411
6,11,10.757666024561168,9.270261677102827,12.245070372019509,2.974808694916682,True,411
6,7,6.062685373351675,3.9981382698440284,8.127232476859321,4.129094207015292,True,411
6,8,6.529388885302943,4.7593688861956345,8.299408884410251,3.540039998214617,True,411
6,2,0.36597500512175096,-1.3346038543910432,2.066553864634545,3.4011577190255884,True,411
6,14,15.818238032825496,13.969496194721073,17.666979870929918,3.6974836762088454,True,411
6,10,9.260282716368778,7.741960262151476,10.77860517058608,3.036644908434603,True,411
6,4,5.58228860381633,3.5809632089864887,7.583613998646172,4.002650789659683,True,411
6,16,15.719671254429024,13.84482338860812,17.594519120249927,3.7496957316418076,True,411
6,14,12.985638187636365,11.398173777306445,14.573102597966285,3.17492882065984,True,411
6,12,10.358452803674785,8.769796226642459,11.947109380707111,3.1773131540646524,False,411
6,11,10.117768464518374,8.532003943476612,11.703532985560136,3.171529042083524,True,411
6,6,8.127358174359436,6.633974440996732,9.62074190772214,2.986767466725408,False,411
6,5,3.3736848803302815,1.4949432060864383,5.252426554574125,3.757483348487687,True,411
6,3,6.175120232219475,4.113027455290219,8.237213009148732,4.1241855538585135,False,411
6,13,11.739088858795535,10.27438515544069,13.20379256215038,2.9294074067096894,True,411
6,10,11.124924955976867,9.637347583727722,12.612502328226013,2.9751547444982904,True,411
6,9,8.782123058617517,6.914291837742794,10.649954279492238,3.7356624417494446,True,411
6,8,7.519160626210722,5.472206758620448,9.566114493800995,4.093907735180547,True,411
6,1,-0.9071311656877041,-2.596343600240532,0.782081268865124,3.3784248691056558,False,411
6,15,14.852410525873143,13.146590472338737,16.55823057940755,3.4116401070688127,True,411
6,7,5.262571005450994,3.3776234482683343,7.147518562633653,3.769895114365319,True,411
6,4,1.4776343503488394,-0.1734442071552913,3.12871290785297,3.302157115008261,False,411
6,2,2.1793980173261738,0.708080343553775,3.6507156910985725,2.9426353475447975,True,411
6,13,12.046865339746367,10.061089435604607,14.032641243888126,3.971551808283518,True,411
6,10,12.526522774187471,10.620300937391976,14.432744610982967,3.812443673590991,False,411
6,7,8.500032572639233,6.626403717324825,10.37366142795364,3.7472577106288156,True,411
6,5,7.546148272005155,5.555685594357091,9.536610949653218,3.980925355296127,False,411
6,1,-0.021324356761847962,-1.9635419448318874,1.9208932313081915,3.884435176140079,True,411
6,11,11.20420661019693,9.60273628677947,12.805676933614391,3.2029406468349215,True,411
6,14,10.068993560478422,8.36109232039755,11.776894800559294,3.4158024801617444,False,411
6,12,11.577296428969914,10.033740466111233,13.120852391828596,3.0871119257173625,True,411
6,2,2.1477475220370215,0.6014713302956396,3.694023713778403,3.0925523834827633,True,411
6,8,8.231072116552658,6.2881540046978115,10.173990228407506,3.8858362237096946,True,411
6,6,5.936447384187491,3.8611037065181972,8.011791061856785,4.150687355338588,True,411
6,9,9.099888857627501,6.948945001744315,11.250832713510688,4.301887711766373,True,411
6,4,-0.06986395124511802,-1.9780439585860146,1.8383160560957785,3.816360014681793,False,411
6,3,3.3843327541229673,1.7986751933629124,4.969990314883022,3.1713151215201094,True,411
6,12,12.725159837895058,11.196457687099134,14.253861988690982,3.0574043015918484,True,411
6,10,12.007038103943277,9.96490829860759,14.049167909278964,4.084259610671374,True,411
6,10,10.553107088915397,8.680929887078037,12.425284290752757,3.74435440367472,True,411
6,3,2.803894399930143,0.9030194746741822,4.704769325186104,3.8017498505119214,True,411
6,6,7.657412883346458,5.638071406910539,9.676754359782377,4.038682952871838,True,411
6,5,1.4639986631007815,-0.4985806042329781,3.426577930434541,3.925158534667519,False,411
6,4,3.2275772040592843,1.169760512485758,5.285393895632811,4.115633383147053,True,411
6,2,0.851285029911933,-0.6415262654519389,2.344096325275805,2.985622590727744,True,411
6,12,11.948217300253033,9.95351731797507,13.942917282530995,3.9893999645559255,True,411
6,9,5.701960781656253,3.632241679840412,7.771679883472094,4.139438203631682,False,411
6,8,9.979453493365579,8.319719452540843,11.639187534190315,3.3194680816494717,False,411
6,7,6.625285150473631,4.708320429554529,8.542249871392732,3.833929441838203,True,411
6,1,1.4781950367384007,-0.20188662160724102,3.1582766950840426,3.360163316691284,True,411
6,13,13.33463683758984,11.18714984332358,15.482123831856102,4.294973988532522,True,411
6,8,9.893734842315425,8.417469328727249,11.370000355903601,2.9525310271763523,False,411
6,5,2.207074797688929,0.3341451930662038,4.080004402311655,3.745859209245451,False,411
6,13,13.16848174820472,11.59560017304677,14.741363323362668,3.145763150315897,True,411
6,3,4.71926739105729,2.7501955220986725,6.6883392600159075,3.938143737917235,True,411
6,7,6.853020329918963,5.273323984157014,8.432716675680911,3.1593926915238972,True,411
6,1,-0.42690408970745275,-2.0497923378456604,1.195984158430755,3.2457764962764153,True,411
6,11,10.094164826516321,8.2832516176971,11.905078035335542,3.6218264176384416,True,411
6,12,11.410586997290393,9.294416823592659,13.526757170988127,4.232340347395468,True,411
6,10,8.918424955715516,7.312720321536089,10.524129589894942,3.211409268358853,True,411
6,2,1.7707833243989608,0.21406506906721745,3.327501579730704,3.1134365106634867,True,411
6,9,11.262371104777502,9.259353924851476,13.265388284703528,4.006034359852052,False,411
6,6,5.103952851693776,3.288503071219343,6.91940263216821,3.6308995609488672,True,411
6,4,3.2684890385815013,1.1545330469923356,5.3824450301706666,4.2279119831783305,True,411
7,9,9.593131478082057,7.779598557990122,11.406664398173993,3.627065840183871,True,405
7,6,4.563646567477182,2.7880771076138275,6.3392160273405365,3.551138919726709,True,405
7,5,4.116001652858957,2.021583109844138,6.210420195873776,4.188837086029638,True,405
7,4,3.312042045848373,1.1947139193951166,5.429370172301629,4.234656252906513,True,405
7,3,4.285053720363834,2.6585091898659425,5.911598250861726,3.253089060995783,True,405
7,2,4.5160656317082335,2.7285306348411247,6.303600628575342,3.5750699937342176,False,405
7,8,6.792242372385686,4.9995696180863085,8.584915126685063,3.5853455085987544,True,405
7,7,8.61527221698652,6.990240195000131,10.24030423897291,3.25006404397278,True,405
7,1,-2.254516126588553,-4.368281340737219,-0.1407509124398869,4.2275304282973325,False,405
7,10,8.208715898361566,6.163856101025543,10.25357569569759,4.089719594672047,True,405
7,9,7.561832315719838,5.907363939803477,9.216300691636198,3.3089367518327206,True,405
7,8,5.971236965838917,4.183573017547733,7.7589009141301,3.575327896582367,False,405
7,4,1.62461741531863,0.03403268654367575,3.215202144093584,3.181169457549908,False,405
7,3,3.6194983682066963,1.6343263185357502,5.604670417877642,3.970344099341892,True,405
7,2,1.6788984534082079,0.07655552639914998,3.2812413804172658,3.204685854018116,True,405
7,1,1.5691080964076645,-0.6862675122936901,3.824483705109019,4.510751217402709,True,405
7,10,11.03570902918227,8.935367168768037,13.136050889596502,4.200683720828465,True,405
7,7,7.3984254897588,5.592998638639688,9.203852340877912,3.6108537022382237,True,405
7,6,6.98664476422556,5.0389694740438875,8.934320054407234,3.8953505803633464,True,405
7,5,4.895701570636596,2.696668052121135,7.094735089152056,4.398067037030922,True,405
7,11,9.219509917541384,7.290313594415736,11.148706240667032,3.8583926462512963,True,405
7,6,7.586721271231195,5.944250081171939,9.22919246129045,3.284942380118512,True,405
7,4,3.1163318008283096,1.3196178662460072,4.913045735410612,3.5934278691646044,True,405
7,8,6.596605551856361,4.449083463803893,8.744127639908829,4.295044176104936,True,405
7,3,2.733123186293403,0.7358609548825781,4.730385417704228,3.9945244628216496,True,405
7,1,-0.36921637894476955,-2.371396863911567,1.632964106022028,4.004360969933595,True,405
7,10,9.373854427015852,7.208448598159146,11.539260255872557,4.3308116577134115,True,405
7,11,11.5160808823452,9.330166566275189,13.701995198415212,4.371828632140023,True,405
7,7,7.5225126088691905,5.317095952985123,9.727929264753257,4.410833311768134,True,405
7,5,3.653254900361556,2.070945476391005,5.235564324332107,3.164618847941102,True,405
7,2,1.2684419405768832,-0.6532212329059124,3.190105114059679,3.8433263469655916,True,405
7,9,10.611499507155365,8.541501315461794,12.681497698848936,4.1399963833871425,True,405
7,5,5.744600176600912,3.662201432914974,7.826998920286849,4.1647974873718745,True,405
7,6,9.112597559022813,7.143657921134803,11.081537196910823,3.9378792757760195,False,405
7,7,8.77019226061229,7.133545560103555,10.406838961121027,3.2732934010174715,False,405
7,4,5.716439602839909,3.6034546110959718,7.8294245945838465,4.225969983487875,True,405
7,9,6.9181971743162975,4.863606413734675,8.97278793489792,4.1091815211632445,False,405
7,12,13.145790527450133,11.570062641340094,14.721518413560172,3.1514557722200784,True,405
7,11,10.920339797454634,9.059342109883922,12.781337485025347,3.721995375141425,True,405
7,1,0.17352729469262562,-1.4685503010795105,1.8156048904647617,3.284155191544272,True,405
7,2,2.252023010798793,0.48644868227026117,4.017597339327325,3.531148657057064,True,405
7,10,11.417817301917225,9.89349338360453,12.942141220229919,3.0486478366253884,True,405
7,3,3.7512473865063174,1.9381982259000579,5.564296547112577,3.6260983212125195,True,405
7,8,6.68228929798691,4.7562822635402515,8.608296332433568,3.8520140688933164,True,405
7,3,4.11368837038893,2.13503031860687,6.09234642217099,3.9573161035641196,True,405
7,10,9.043618686886054,7.031795646198836,11.055441727573273,4.023646081374437,True,405
7,8,8.325024678446429,6.18267930661637,10.467370050276488,4.284690743660118,True,405
7,7,6.544974898784298,4.871561916155363,8.218387881413234,3.346825965257871,True,405
7,6,5.671700622396561,4.070030019181371,7.2733712256117515,3.2033412064303803,True,405
7,4,5.149364462560764,2.9955033853871975,7.303225539734331,4.307722154347134,True,405
7,2,0.4397094202761531,-1.1892521259060955,2.0686709664584018,3.2579230923644973,True,405
7,1,3.9177926114153996,1.6708571633127929,6.164728059518007,4.493870896205214,False,405
7,11,8.268370896058256,6.121307020119152,10.41543477199736,4.294127751878207,False,405
7,12,11.103498475117714,9.21450301213577,12.992493938099658,3.7779909259638877,True,405
7,9,9.55531783491261,7.303350851954841,11.80728481787038,4.5039339659155395,True,405
7,5,5.8764712496529645,4.292252693600052,7.4606898057058775,3.168437112105826,True,405
7,12,11.849286419142443,10.109704080868182,13.588868757416703,3.479164676548521,True,405
7,7,6.913913945497686,4.9211751040036775,8.906652786991696,3.9854776829880185,True,405
7,6,6.615825127991425,4.84078660667135,8.390863649311498,3.5500770426401482,True,405
7,4,3.6533957838134796,1.4414983828839878,5.8652931847429715,4.423794801858984,True,405
7,10,12.089771886902358,10.529535648298713,13.650008125506004,3.12047247720729,False,405
7,5,6.2590236713474035,4.333367934197355,8.184679408497452,3.851311474300097,True,405
7,2,3.309236526508452,1.3522688725360084,5.266204180480895,3.913935307944887,True,405
7,13,11.550764914944374,9.547070938784643,13.554458891104105,4.007387952319462,True,405
7,8,7.880917363391446,6.177137476034815,9.584697250748077,3.4075597747132615,True,405
7,3,2.5493010769189444,0.7632652353322733,4.335336918505615,3.572071683173342,True,405
7,11,9.491597936465801,7.343671243058855,11.639524629872747,4.295853386813892,True,405
7,9,9.540246275918651,7.882332837756524,11.198159714080779,3.3158268763242553,True,405
7,1,0.19353136333027532,-1.9416961505680046,2.3287588772285552,4.27045502779656,True,405
7,2,2.9831057447753553,1.0474466820094832,4.918764807541227,3.8713181255317437,True,405
7,12,10.394712655658502,8.308340355536572,12.481084955780432,4.17274460024386,True,405
7,9,11.578560919262731,9.528882821945055,13.628239016580407,4.099356194635352,False,405
7,7,5.655501012111907,3.988093995931195,7.32290802829262,3.334814032361425,True,405
7,4,4.328953505800654,2.388643618880935,6.269263392720373,3.880619773839438,True,405
7,1,2.1877889655821012,0.02170207749665476,4.353875853667548,4.332173776170893,True,405
7,10,9.144039354699832,7.306980890502107,10.981097818897556,3.674116928395449,True,405
7,13,14.278702965149426,12.037938070040749,16.519467860258104,4.481529790217355,True,405
7,6,4.156224603299376,2.303984797689211,6.008464408909541,3.70447961122033,True,405
7,5,7.178176548773841,5.559659131210698,8.796693966336983,3.237034835126285,False,405
7,8,8.021223897448637,6.216404235763301,9.826043559133973,3.609639323370672,True,405
7,11,10.10538288804668,7.875863670419694,12.334902105673667,4.459038435253973,True,405
7,3,2.551227341358848,0.7990648598241448,4.303389822893552,3.504324963069407,True,405
7,16,17.21337890408908,15.047008760669492,19.379749047508668,4.332740286839176,True,405
7,12,11.123317062224343,8.947012380660622,13.299621743788064,4.352609363127442,True,405
7,9,7.8759634658658335,6.100789244487092,9.651137687244574,3.5503484427574827,True,405
7,6,5.667695103624393,4.094141152576815,7.241249054671971,3.147107902095156,True,405
7,11,9.234556830845047,7.17660742346042,11.292506238229674,4.1158988147692535,True,405
7,10,12.730815861912724,10.984853572057492,14.476778151767956,3.4919245797104637,False,405
7,8,7.150408113177916,5.048373143208696,9.252443083147135,4.204069939938439,True,405
7,7,8.247425179270605,6.402406550551224,10.092443807989985,3.690037257438761,True,405
7,4,4.314205125471659,2.437000312755532,6.191409938187786,3.7544096254322543,True,405
7,14,12.523198924277049,10.424951352379654,14.621446496174443,4.196495143794788,True,405
7,13,12.991067936180906,11.191589500119022,14.79054637224279,3.598956872123768,True,405
7,15,16.176004168966124,14.330628647465549,18.0213796904667,3.69075104300115,True,405
7,5,4.71760799737054,2.922792129959885,6.512423864781195,3.5896317348213103,True,405
7,2,3.789669418776542,2.001538216237103,5.577800621315981,3.576262405078878,False,405
7,1,2.532273089172796,0.6243414414198931,4.440204736925699,3.815863295505806,True,405
7,3,4.3783722819874935,2.2567924349076245,6.4999521290673625,4.243159694159738,True,405
7,9,8.310514841590505,6.526592509984994,10.094437173196017,3.567844663211023,True,405
7,11,9.380236328327769,7.473582596081598,11.286890060573938,3.8133074644923406,True,405
7,5,4.079618591955809,2.0623292188048308,6.096907965106787,4.034578746301957,True,405
7,10,10.29436141100008,8.580178149225386,12.008544672774775,3.428366523549389,True,405
7,4,4.818680070298534,3.098391178328926,6.538968962268141,3.440577783939215,True,405
7,2,-1.2573571071406713,-3.4730618224190546,0.958347608137712,4.431409430556767,False,405
7,6,5.987830197582374,3.930653749859625,8.045006645305124,4.114352895445499,True,405
7,1,1.2371338379847767,-0.7095011647892295,3.183768840758783,3.893270005548013,True,405
7,3,2.5836836155266725,0.5837724010876366,4.583594829965708,3.9998224288780717,True,405
7,8,9.936910758523819,8.404113245833036,11.469708271214602,3.0655950253815654,False,405
7,7,7.6326701113763065,5.655129671388704,9.610210551363908,3.9550808799752035,True,405
7,12,13.965287862121345,12.069772159879331,15.860803564363358,3.791031404484027,False,405
7,8,7.676059219474651,5.753169628014584,9.598948810934719,3.8457791829201344,True,405
7,2,3.406216238760387,1.6240647748941763,5.188367702626598,3.564302927732422,True,405
7,1,3.4525995917912793,1.8803929743854368,5.024806209197122,3.144413234811685,False,405
7,6,7.967540173908992,6.3108379394540215,9.624242408363962,3.3134044689099404,False,405
7,5,3.3617876098569006,1.1329917698102618,5.590583449903539,4.457591680093277,True,405
7,10,9.619485883686428,7.800114814317782,11.438856953055074,3.6387421387372925,True,405
7,11,10.482252941825305,8.619084931454392,12.345420952196218,3.726336020741826,True,405
7,4,4.7338818026144915,3.183401674678527,6.284361930550456,3.1009602558719287,True,405
7,9,10.0295303325218,8.490488640472913,11.568572024570686,3.0780833840977735,True,405
7,7,5.741660988961396,3.689283269292078,7.794038708630714,4.104755439338636,True,405
7,3,3.1017577708754067,1.1846502679092605,5.018865273841553,3.8342150059322924,True,405
7,4,0.9701090017657954,-0.9248002516455585,2.8650182551771493,3.7898185068227077,False,405
7,3,5.162917508702835,3.468610780056912,6.857224237348758,3.388613457291846,False,405
7,2,1.2314386389849596,-0.8417630803061755,3.304640358276095,4.14640343858227,True,405
7,1,1.0837959097667453,-0.553945452986536,2.7215372725200266,3.2754827255065626,True,405
7,9,8.535525429017909,6.881394719305952,10.189656138729866,3.308261419423914,True,405
7,7,8.719041362520123,6.860383435761725,10.57769928927852,3.717315853516795,True,405
7,8,3.7437403379039313,2.016836948722045,5.470643727085818,3.453806778363773,False,405
7,11,10.975084486511136,9.277500781353032,12.67266819166924,3.3951674103162084,True,405
7,5,4.8412718637534535,2.84323569623417,6.839308031272737,3.9960723350385674,True,405
7,10,9.319545418612476,7.317178093724069,11.321912743500883,4.004734649776815,True,405
7,6,8.58933981845345,6.4558879250645695,10.72279171184233,4.26690378677776,False,405
7,11,9.669005811716342,7.842829940796087,11.495181682636597,3.6523517418405094,True,405
7,6,7.1576942658534914,5.591823993765073,8.723564537941911,3.1317405441768384,True,405
7,3,3.5343791830591256,1.8170031736484509,5.2517551924698,3.4347520188213494,True,405
7,1,2.892278878803274,0.641381418935278,5.143176338671269,4.501794919735991,True,405
7,12,10.999216372833741,9.038175729007973,12.96025701665951,3.9220812876515367,True,405
7,4,2.900546651314362,0.8537919065946573,4.947301396034066,4.093509489439409,True,405
7,9,10.644104861216098,9.127880580572368,12.160329141859828,3.0324485612874597,False,405
7,10,10.637981962495166,8.735897232786636,12.540066692203697,3.8041694594170608,True,405
7,8,5.682593979984862,4.143580667329173,7.221607292640551,3.0780266253113773,False,405
7,7,6.191042478305095,4.2504172581053545,8.131667698504835,3.88125044039948,True,405
7,5,5.579573980772091,3.373418399013642,7.785729562530539,4.412311163516897,True,405
7,2,3.2566463323198835,1.014500415748575,5.498792248891192,4.484291833142617,True,405
7,3,1.9811540202105675,0.06218989940013331,3.900118141021002,3.837928241620869,True,405
7,11,6.628616015274588,4.771851985707414,8.485380044841762,3.7135280591343474,False,405
7,10,10.78483477860555,8.560365200083186,13.009304357127913,4.448939157044727,True,405
7,7,5.169518965084036,3.1500523386491985,7.188985591518874,4.0389332528696755,True,405
7,6,2.973991802816383,1.4143045470050373,4.533679058627729,3.1193745116226914,False,405
7,5,0.7515111125237883,-1.1109336071410616,2.6139558321886383,3.7248894393297,False,405
7,12,13.220971290296612,11.528839553016574,14.91310302757665,3.3842634745600755,True,405
7,1,1.1929261756074498,-0.6725993551934544,3.058451706408354,3.731051061601808,True,405
7,9,8.661515428931622,6.806820433542817,10.516210424320427,3.70938999077761,True,405
7,8,10.083536544444144,8.133156503384741,12.033916585503546,3.900760082118804,False,405
7,2,2.955987024534609,1.1758397141574741,4.7361343349117435,3.560294620754269,True,405
7,4,6.424450064082874,4.789704451260496,8.059195676905253,3.2694912256447566,False,405
7,6,3.910896791749505,2.0197540454892247,5.802039538009786,3.782285492520561,False,405
7,8,7.948174064069055,5.810427485426556,10.085920642711553,4.2754931572849975,True,405
7,7,4.574929937577979,2.5627127013109163,6.587147173845041,4.024434472534125,False,405
7,3,2.6559265022167993,0.8896793074879528,4.422173696945646,3.5324943894576935,True,405
7,5,4.627076219349984,2.409777829492794,6.844374609207174,4.434596779714379,True,405
7,4,4.939920455894606,2.7402330037443905,7.139607908044822,4.399374904300432,True,405
7,2,2.0683458217128474,0.3995513307113914,3.7371403127143035,3.337588982002912,True,405
7,13,13.935110707419874,12.394670624792292,15.475550790047455,3.080880165255163,True,405
7,10,11.055160199708341,8.984558355334066,13.125762044082617,4.141203688748551,True,405
7,12,15.232393016074713,13.09660473200232,17.368181300147107,4.271576568144788,False,405
7,11,10.527055017070813,8.285327981588889,12.768782052552737,4.483454070963848,True,405
7,9,7.588465949000431,5.405676192665727,9.771255705335136,4.3655795126694095,True,405
7,1,1.3691254229746133,-0.5951451719439658,3.3333960178931923,3.928541189837158,True,405
7,5,3.7965799592906846,1.8855470924055993,5.70761282617577,3.8220657337701702,True,405
7,2,4.222941152654804,2.691245211934463,5.754637093375145,3.0633918814406815,False,405
7,12,11.575172941582151,9.878198438732062,13.27214744443224,3.393949005700179,True,405
7,8,7.1516354481890145,5.293806439046744,9.009464457331285,3.7156580182845413,True,405
7,4,3.293026418273323,1.3076298057435345,5.278423030803111,3.9707932250595768,True,405
7,3,4.077626135207462,2.1460485837742884,6.009203686640635,3.863155102866347,True,405
7,9,8.763379525152772,6.691775140946534,10.834983909359009,4.1432087684124745,True,405
7,7,6.037499769804427,4.315515814674415,7.759483724934439,3.4439679102600245,True,405
7,11,13.498027876435296,11.560633673455127,15.435422079415465,3.874788405960338,False,405
7,1,-0.28425476099262514,-1.8614982021671371,1.2929886801818868,3.154486882349024,True,405
7,10,10.05334911104949,8.230227085569641,11.87647113652934,3.646244050959698,True,405
7,6,6.978459227415346,4.90117107825697,9.055747376573722,4.154576298316751,True,405
7,10,7.55299733437439,5.518581889750985,9.587412778997795,4.06883088924681,False,405
7,7,7.720390752108887,5.461458604631501,9.979322899586274,4.517864294954773,True,405
7,6,4.417338486779326,2.696771389616574,6.137905583942079,3.4411341943255045,True,405
7,5,6.234174171251004,4.347208520608258,8.121139821893749,3.773931301285491,True,405
7,2,0.5560234821215355,-1.203548490415757,2.315595454658828,3.519143945074585,True,405
7,1,2.0391535477732905,0.19568466228726034,3.8826224332593204,3.68693777097206,True,405
7,12,13.65874959944207,11.500799934680725,15.816699264203415,4.31589932952269,True,405
7,4,5.292154788449207,3.264682200323503,7.319627376574911,4.054945176251408,True,405
7,9,9.376974972357154,7.19977105915928,11.554178885555027,4.354407826395747,True,405
7,8,7.65304858560545,5.988663195112099,9.317433976098803,3.328770780986704,True,405
7,3,2.1353706354977344,-0.034974795511832024,4.305716066507301,4.340690862019134,True,405
7,11,13.206552036225656,11.650744931796249,14.762359140655063,3.111614208858814,False,405
7,10,8.950757169748535,6.768901846591672,11.132612492905398,4.363710646313726,True,405
7,6,4.444400889645006,2.6851738282256687,6.203627951064343,3.518454122838674,True,405
7,4,4.998053402549245,3.2497682101104868,6.7463385949880035,3.4965703848775167,True,405
7,3,1.8057947952202569,-0.09166944304613422,3.703259033486648,3.7949284765327826,True,405
7,11,9.574904753800809,7.353703432007194,11.796106075594423,4.442402643587229,True,405
7,12,9.834593606745353,8.287836082622665,11.38135113086804,3.0935150482453757,False,405
7,5,4.2756352408092235,2.4989167776391206,6.0523537039793265,3.553436926340206,True,405
7,2,1.8759274641552601,-0.2817365779635532,4.033591506274074,4.315328084237627,True,405
7,1,1.3646375914910482,-0.4451822237985412,3.174457406780638,3.6196396305791794,True,405
7,8,9.426959366449225,7.76586285646424,11.08805587643421,3.322193019969969,True,405
7,9,9.79034688549869,7.958819013866364,11.621874757131017,3.6630557432646533,True,405
7,7,6.71369167067023,4.911804347876856,8.515578993463604,3.603774645586748,True,405
7,8,7.70270648543042,5.50059544792257,9.90481752293827,4.4042220750157,True,405
7,9,9.765236203372774,7.679055104894822,11.851417301850727,4.1723621969559055,True,405
7,6,7.908855244392854,6.016657961287548,9.801052527498161,3.7843945662106133,False,405
7,3,3.1894712992248,0.932255397827773,5.446687200621827,4.514431802794054,True,405
7,1,0.29630371868438654,-1.565802576606028,2.158410013974801,3.7242125905808288,True,405
7,13,11.510700998371682,9.956045356825435,13.06535663991793,3.109311283092495,True,405
7,11,8.832192103381661,7.123420898970743,10.54096330779258,3.417542408821838,False,405
7,5,5.999404508065284,4.159359272006297,7.839449744124272,3.680090472117975,True,405
7,10,10.866967785459336,9.237787336687632,12.49614823423104,3.258360897543408,True,405
7,7,7.8660452876599924,5.639651095576565,10.092439479743419,4.452788384166854,True,405
7,12,11.807010830471917,9.717117629653558,13.896904031290276,4.1797864016367186,True,405
7,4,6.1104021188376265,4.397089186781182,7.823715050894071,3.4266258641128893,False,405
7,2,1.2738222581227734,-0.6830987661944259,3.2307432824399727,3.9138420486343986,True,405
7,9,10.432903855810808,8.377302592474045,12.488505119147572,4.111202526673527,True,405
7,7,6.9418856575156855,4.7202396398814175,9.163531675149954,4.443292035268537,True,405
7,2,1.0874738529809935,-1.0891213807628337,3.2640690867248208,4.3531904674876545,True,405
7,1,1.888795460976642,-0.011013067166422363,3.7886039891197063,3.7996170562861287,True,405
7,4,4.614454178025991,2.518666565875664,6.710241790176317,4.191575224300653,True,405
7,10,10.53545913890039,8.600185801509287,12.470732476291492,3.8705466747822044,True,405
7,6,6.121917633084298,4.193775294803233,8.050059971365362,3.8562846765621295,True,405
7,11,10.943160377424753,9.345825284893305,12.540495469956202,3.194670185062897,True,405
7,3,6.582557989305657,4.97661534495079,8.188500633660524,3.211885288709734,False,405
7,12,13.77638496779426,11.86574391058063,15.687026025007889,3.821282114427259,True,405
7,8,9.084240342478267,7.370493588837457,10.797987096119078,3.4274935072816213,True,405
7,5,5.1676987373050824,3.641142196979941,6.694255277630224,3.0531130806502826,True,405
7,10,11.510735800895004,9.454084588882377,13.56738701290763,4.113302424025253,True,405
7,6,6.776992164587178,5.241787288553873,8.312197040620482,3.0704097520666096,True,405
7,4,4.039307129161053,2.079008021847124,5.999606236474983,3.9205982146278586,True,405
7,12,11.544653512101128,9.62671579960363,13.462591224598626,3.8358754249949953,True,405
7,3,2.878623993505968,0.6361792972228657,5.12106868978907,4.484889392566204,True,405
7,13,8.244361396182917,6.367952404928998,10.120770387436837,3.752817982507839,False,405
7,7,7.315901258946463,5.757194307335766,8.87460821055716,3.1174139032213937,True,405
7,5,4.267285879834461,2.3399109014846458,6.1946608581842755,3.8547499566996297,True,405
7,2,4.389004997424326,2.243030356552297,6.534979638296355,4.291949281744058,False,405
7,8,8.02901610621763,5.765395946823716,10.292636265611545,4.527240318787829,True,405
7,1,-0.7834451293024429,-2.619164339828923,1.0522740812240368,3.67143842105296,True,405
7,11,10.925179768807823,9.172580785308616,12.677778752307029,3.505197966998413,True,405
7,9,7.430818372406243,5.235326248775166,9.62631049603732,4.390984247262153,True,405
7,11,11.7101111235687,10.054992902073202,13.365229345064197,3.3102364429909947,True,405
7,8,8.436421046509228,6.460900406021024,10.411941686997432,3.9510412809764084,True,405
7,6,7.436759446662402,5.619643151597725,9.253875741727079,3.6342325901293533,True,405
7,9,7.813677312458152,6.271979766128389,9.355374858787915,3.0833950926595257,True,405
7,7,7.05101214434222,5.278026916749983,8.823997371934457,3.5459704551844737,True,405
7,5,2.952467306860047,1.2414646961963598,4.663469917523734,3.4220052213273746,False,405
7,2,3.0522421728870714,1.0233479879417575,5.081136357832385,4.057788369890627,True,405
7,12,12.778306770660183,10.550987014736888,15.005626526583479,4.45463951184659,True,405
7,1,1.7437075315413564,0.030575889341358353,3.456839173741354,3.4262632843999956,True,405
7,3,3.0024285470354117,0.8788346076628413,5.126022486407982,4.247187878745141,True,405
7,4,4.622159336183186,3.069677554455707,6.1746411179106655,3.1049635634549584,True,405
7,10,12.406508662462894,10.489381259546155,14.323636065379633,3.8342548058334778,False,405
7,13,12.572358614436979,11.008403132981439,14.13631409589252,3.1279109629110806,True,405
7,8,8.207967775565127,5.99179485626445,10.424140694865804,4.4323458386013534,True,405
7,6,4.370810551227885,2.2812932173135363,6.4603278851422345,4.179034667828699,True,405
7,7,5.697608557602502,3.6899703913392994,7.705246723865704,4.015276332526405,True,405
7,3,3.146719939639961,1.0137368727194644,5.2797030065604575,4.265966133840993,True,405
7,1,2.6559003200528606,0.6561403677988638,4.655660272306857,3.999519904507993,True,405
7,9,8.615578763622642,6.37303609562366,10.858121431621623,4.4850853359979626,True,405
7,12,11.646125206031813,9.596182302744623,13.696068109319004,4.099885806574381,True,405
7,2,1.389672133243438,-0.8194200031943528,3.598764269681229,4.418184272875582,True,405
7,11,10.197864993733516,8.296591371301481,12.09913861616555,3.802547244864069,True,405
7,10,10.442457183563233,8.843367863624266,12.0415465035022,3.198178639877934,True,405
7,4,1.754113532232033,-0.15550337334948638,3.6637304378135522,3.8192338111630386,False,405
7,5,6.921409365000091,5.314911422203101,8.527907307797081,3.2129958855939798,False,405
7,11,10.00186655280581,8.043669811534565,11.960063294077054,3.916393482542489,True,405
7,10,11.082855228157213,9.207745469771984,12.957964986542441,3.750219516770457,True,405
7,8,6.095002103909186,4.114083486746159,8.075920721072213,3.9618372343260546,True,405
7,7,8.003260195819328,6.4850047094625785,9.521515682176078,3.0365109727135,True,405
7,5,6.007916911721747,4.350080727024728,7.665753096418766,3.315672369394038,True,405
7,4,4.576303108008845,2.6945181884378817,6.458088027579808,3.763569839141926,True,405
7,2,0.5083572173003117,-1.7202564728866823,2.7369709074873056,4.457227380373988,True,405
7,1,1.3743222843971155,-0.42609707741781455,3.1747416462120457,3.6008387236298605,True,405
7,12,10.225415722898417,8.394206719219238,12.056624726577596,3.662418007358358,True,405
7,9,8.620855117355722,6.570354671459387,10.671355563252057,4.10100089179267,True,405
7,3,4.54411965143299,2.5773881887628747,6.5108511141031045,3.93346292534023,True,405
7,6,7.195052890606113,5.458597338565172,8.931508442647054,3.4729111040818825,True,405
7,10,10.02277441381065,8.201804429692052,11.843744397929248,3.641939968237196,True,405
7,3,1.5377901361157371,-0.13731244528775943,3.2128927175192334,3.3502051628069927,True,405
7,1,1.9683815682612902,-0.2719533072017277,4.208716443724308,4.480669750926036,True,405
7,11,11.029071856547038,9.419732687010711,12.638411026083364,3.218678339072653,True,405
7,8,4.519526602654365,2.7279992180451957,6.311053987263533,3.5830547692183377,False,405
7,6,7.173944739474777,5.643761035791262,8.704128443158293,3.060367407367031,True,405
7,5,4.963650749195462,3.2854666396216556,6.6418348587692675,3.356368219147612,True,405
7,13,14.80367687197461,12.703494338784799,16.903859405164418,4.20036506637962,True,405
7,2,0.35709422173579286,-1.305526803719741,2.0197152471913267,3.3252420509110676,True,405
7,12,7.234944280205999,5.663803056829121,8.806085503582878,3.1422824467537573,False,405
7,9,9.418625787517778,7.549588819008548,11.287662756027007,3.7380739370184592,True,405
7,4,4.437345515022959,2.919148753053486,5.955542276992432,3.036393523938946,True,405
7,7,4.463992558590322,2.889299189946964,6.038685927233679,3.149386737286715,False,405
7,5,3.5322506812000904,1.4115572743901894,5.652944088009992,4.241386813619803,True,405
7,3,7.1328266155798525,5.039440415762563,9.226212815397142,4.186772399634579,False,405
7,11,10.541584078769295,8.339682556423464,12.743485601115127,4.403803044691664,True,405
7,8,9.096438464564324,6.940327805306405,11.252549123822243,4.312221318515839,True,405
7,2,1.0240102589474245,-1.0026816831530518,3.050702201047901,4.053383884200953,True,405
7,12,8.864545651720265,7.314350233505831,10.4147410699347,3.1003908364288684,False,405
7,9,8.744612629806142,6.64263430702022,10.846590952592063,4.203956645571843,True,405
7,7,6.601593159570842,4.452283993782606,8.750902325359078,4.298618331576472,True,405
7,13,12.400182641997443,10.285942594557692,14.514422689437193,4.228480094879501,True,405
7,1,0.8280387467404113,-1.0666990845955846,2.7227765780764073,3.789475662671992,True,405
7,10,10.396402407468456,8.709817218675214,12.082987596261697,3.373170377586483,True,405
7,4,3.77482457311929,1.6256519981490714,5.923997148089509,4.298345149940437,True,405
7,6,4.103990748078955,2.0440737724552367,6.163907723702673,4.119833951247436,True,405
7,7,7.729277187342908,5.477808913621194,9.980745461064622,4.5029365474434275,True,405
7,5,2.0759423670163653,0.44767589151138365,3.704208842521347,3.256532951009963,False,405
7,2,-1.0755361859263006,-2.7566548343249533,0.605582462472352,3.3622372967973053,False,405
7,11,12.108770742052352,10.438125872841857,13.779415611262847,3.34128973842099,True,405
7,10,10.760530408203035,8.651232037059719,12.869828779346351,4.218596742286632,True,405
7,9,8.913906952388945,7.26206297447029,10.565750930307601,3.3036879558373116,True,405
7,6,3.906827242867392,2.345810184740854,5.46784430099393,3.122034116253076,False,405
7,12,10.938133588988887,8.673220659747875,13.203046518229899,4.529825858482024,True,405
7,4,3.605879878470244,2.0764679447586745,5.135291812181814,3.0588238674231394,True,405
7,3,0.6061590471388301,-1.5353952996345002,2.7477133939121603,4.2831086935466605,False,405
7,8,6.891457012965151,5.1048165919805575,8.678097433949745,3.5732808419691873,True,405
7,1,1.9784955072650199,-0.16787137000538355,4.124862384535423,4.292733754540807,True,405
7,13,15.140958046433825,13.211368035405673,17.070548057461977,3.8591800220563037,False,405
7,12,11.370847871012174,9.179149082340142,13.562546659684205,4.383397577344063,True,405
7,8,9.134732531474148,6.924481429068966,11.34498363387933,4.420502204810364,True,405
7,5,2.128909894118799,0.6113710678580526,3.6464487203795457,3.035077652521493,False,405
7,4,4.989176861670417,3.421548864737198,6.556804858603637,3.135255993866439,True,405
7,15,13.794077377908778,12.094306417506258,15.493848338311297,3.3995419208050386,True,405
7,11,11.461018425061955,9.444795513902056,13.477241336221853,4.032445822319797,True,405
7,6,5.628371372640436,3.446763106875412,7.80997963840546,4.363216531530048,True,405
7,2,3.9806210146757515,2.122544860798378,5.838697168553125,3.716152307754747,False,405
7,7,5.688346527490123,3.719212833664294,7.657480221315952,3.938267387651658,True,405
7,3,3.9414094463427465,2.2883625575311655,5.5944563351543275,3.306093777623162,True,405
7,1,0.5807388050551998,-1.5379461434700998,2.6994237535804997,4.237369897050599,True,405
7,14,13.762541782985505,11.521219949543184,16.003863616427825,4.482643666884641,True,405
7,10,9.724219160261185,8.01067076626636,11.43776755425601,3.427096787989651,True,405
7,9,7.73149034325883,5.8470651411498835,9.615915545367777,3.7688504042178934,True,405
7,15,14.978851551139993,13.403138515670845,16.55456458660914,3.151426070938294,True,405
7,13,12.906027666817268,10.973026445635572,14.839028887998964,3.866002442363392,True,405
7,6,6.361860372610094,4.471424612868567,8.25229613235162,3.7808715194830533,True,405
7,12,12.126757718539293,10.506993360840823,13.746522076237763,3.23952871539694,True,405
7,9,10.196991824418355,8.352417811443168,12.041565837393541,3.6891480259503737,True,405
7,5,6.3852629240710534,4.622235876861669,8.148289971280438,3.526054094418768,True,405
7,1,-0.5759349827417017,-2.4807579038888883,1.3288879384054848,3.809645842294373,True,405
7,3,4.303158750886157,2.350127842858937,6.256189658913376,3.9060618160544394,True,405
7,11,9.220495359335219,7.703411698960573,10.737579019709864,3.034167320749291,False,405
7,7,7.881783832206603,5.796303979752038,9.967263684661168,4.17095970490913,True,405
7,8,8.929608177054304,6.880378048601402,10.978838305507205,4.098460256905803,True,405
7,2,-0.8669753374937561,-2.654310321208416,0.920359646220904,3.57466996742932,False,405
7,14,14.139468869794115,12.588817926461134,15.690119813127096,3.1013018866659614,True,405
7,10,9.297255829959527,7.216363451575218,11.378148208343834,4.161784756768616,True,405
7,4,2.8618521130969374,0.6297098085491211,5.093994417644754,4.464284609095633,True,405
7,16,18.02627849604851,16.334217323853213,19.718339668243804,3.3841223443905903,False,405
7,14,13.019481289043872,11.26444569746783,14.774516880619915,3.5100711831520854,True,405
7,12,10.790434606322926,9.140927937134327,12.439941275511524,3.299013338377197,True,405
7,11,11.113542410007641,9.167096658174506,13.059988161840776,3.89289150366627,True,405
7,6,7.028384619447625,5.4007610860239135,8.656008152871337,3.2552470668474234,True,405
7,5,4.78752712098481,3.007815295690314,6.567238946279305,3.5594236505889914,True,405
7,3,4.749555818503878,2.712411988645531,6.786699648362225,4.074287659716694,True,405
7,13,13.796463492946136,11.862722553779742,15.730204432112531,3.8674818783327893,True,405
7,10,6.732683020402854,4.93010829681382,8.535257743991888,3.605149447178068,False,405
7,9,8.205799554739487,6.3777043555075235,10.03389475397145,3.6561903984639272,True,405
7,8,7.157236850972452,5.221989097631038,9.092484604313865,3.8704955066828273,True,405
7,1,1.7190414301441335,0.20394493901336408,3.234137921274903,3.030192982261539,True,405
7,15,11.062774415438833,9.49280662813354,12.632742202744126,3.139935574610586,False,405
7,7,10.823514563076582,8.647204302559587,12.999824823593578,4.352620521033991,False,405
7,4,4.796539142341315,3.227047879247693,6.366030405434937,3.1389825261872435,True,405
7,2,2.2233152058765366,0.17877622287220163,4.267854188880872,4.08907796600867,True,405
7,13,14.772351574628718,12.56674941467168,16.977953734585757,4.411204319914077,True,405
7,10,13.515481079218937,11.800358063436363,15.23060409500151,3.4302460315651473,False,405
7,7,8.306119966882605,6.515608768090318,10.096631165674891,3.581022397584573,True,405
7,5,6.42321964470743,4.4828276761593875,8.363611613255474,3.880783937096086,True,405
7,1,1.1960350366965735,-0.9806158050371043,3.3726858784302514,4.353301683467356,True,405
7,11,10.787711369949578,8.565592016372207,13.00983072352695,4.444238707154742,True,405
7,14,13.286306833992649,11.21702339391927,15.355590274066028,4.138566880146758,True,405
7,12,10.760832012428187,9.184738553062608,12.336925471793766,3.1521869187311573,True,405
7,2,0.9694788504507539,-1.0466222550299036,2.9855799559314113,4.032202210961315,True,405
7,8,5.974166053485526,4.1535833088977085,7.794748798073343,3.641165489175634,False,405
7,6,5.886192823972465,4.019990002356883,7.752395645588047,3.7324056432311643,True,405
7,9,6.47299863416042,4.925208549986363,8.020788718334478,3.095580168348115,False,405
7,4,4.286374786215566,2.6313925169626162,5.941357055468515,3.309964538505899,True,405
7,3,2.9455040879364875,0.8377361430460719,5.053272032826904,4.215535889780831,True,405
7,12,12.220402947580032,10.366846042351215,14.07395985280885,3.707113810457635,True,405
7,10,9.216802644970011,7.478280431791283,10.955324858148739,3.4770444263574554,True,405
7,10,14.615290555270755,12.814561481402556,16.416019629138955,3.6014581477363983,False,405
7,3,5.040173850270469,2.884150751205139,7.1961969493358,4.312046198130661,True,405
7,6,4.1331862498729155,2.0567756587263712,6.20959684101946,4.1528211822930885,True,405
7,5,5.349302131140347,3.6329465678029025,7.0656576944777925,3.43271112667489,True,405
7,4,3.0879907855940147,1.4885710622869353,4.6874105089010945,3.1988394466141594,True,405
7,2,0.4782804099388791,-1.2227289134762767,2.179289733354035,3.402018646830312,True,405
7,12,9.989891893314098,7.783747187284089,12.196036599344108,4.412289412060019,True,405
7,9,9.64832503613888,7.698364933949698,11.598285138328063,3.8999202043783647,True,405
7,8,6.977929647395639,5.064307596390413,8.891551698400866,3.827244102010453,True,405
7,7,8.451739036037806,6.490596403736766,10.412881668338844,3.9222852646020785,True,405
7,1,2.4906733217956587,0.7035333050684571,4.2778133385228605,3.5742800334544036,True,405
7,13,15.060871577817174,12.940570075135835,17.181173080498514,4.240603005362679,True,405
7,8,6.721419850888845,4.815497637250722,8.627342064526967,3.8118444272762453,True,405
7,5,5.713048416038015,4.114198166813318,7.311898665262713,3.197700498449395,True,405
7,13,13.94868132496345,12.340527467342564,15.556835182584337,3.216307715241772,True,405
7,3,2.288732737344053,0.3725584620190747,4.204907012669031,3.832348550649956,True,405
7,7,5.842342063910687,3.624252692527846,8.060431435293527,4.436178742765681,True,405
7,1,3.4142809986639593,1.6707056960912037,5.1578563012367145,3.487150605145511,False,405
7,11,11.34124381359808,9.173783717386417,13.508703909809743,4.334920192423326,True,405
7,12,12.953951626067607,10.866138093005027,15.041765159130186,4.175627066125159,True,405
7,10,8.76688598225811,7.069038317049093,10.464733647467128,3.395695330418035,True,405
7,2,0.1710733002167093,-1.367042745011493,1.7091893454449116,3.0762320904564047,False,405
7,9,8.145825338261835,6.558230037324288,9.733420639199382,3.1751906018750944,True,405
7,6,5.813967918915004,3.7530455008822377,7.874890336947772,4.121844836065534,True,405
7,4,2.403669989773977,0.7421861143072745,4.06515386524068,3.322967750933405,True,405
8,9,8.985232787024426,7.288639567475045,10.681826006573807,3.3931864390987627,True,405
8,6,6.046121374631248,4.0950929148539235,7.997149834408573,3.9020569195546493,True,405
8,5,1.5058375233161359,-0.6430027763259596,3.6546778229582313,4.297680599284191,False,405
8,4,3.1384263243055908,0.8889006004836864,5.387952048127495,4.499051447643809,True,405
8,3,3.5022572925369326,1.4415191816851483,5.562995403388717,4.121476221703569,True,405
8,2,1.3909990041372615,-0.7033183208814373,3.4853163291559603,4.188634650037398,True,405
8,8,4.179901832356722,2.5114780675353634,5.848325597178081,3.336847529642718,False,405
8,7,8.98112519173924,6.669672566899939,11.292577816578541,4.6229052496786025,True,405
8,1,1.2540625769074167,-0.4192972158920738,2.9274223697069073,3.346719585598981,True,405
8,10,10.665608936904707,8.488415572196057,12.842802301613357,4.3543867294173,True,405
8,9,8.290085771732635,6.51295989791058,10.06721164555469,3.554251747644109,True,405
8,8,8.797234532219987,6.495341778795738,11.099127285644236,4.6037855068484985,True,405
8,4,6.752230216880054,4.6179686316548025,8.886491802105306,4.268523170450504,False,405
8,3,1.8973905245589633,-0.2634353022247302,4.058216351342657,4.321651653567387,True,405
8,2,4.500519058035606,2.759297293574618,6.2417408224965945,3.4824435289219764,False,405
8,1,1.5978460988380108,-0.3191259361617118,3.5148181338377333,3.833944069999445,True,405
8,10,8.695850877944704,6.64174012459031,10.749961631299097,4.108221506708787,True,405
8,7,10.318585956386514,8.145079990633734,12.492091922139293,4.347011931505559,False,405
8,6,6.587460359833399,4.936553569534143,8.238367150132653,3.30181358059851,True,405
8,5,6.014718003159562,3.6902486848482416,8.339187321470881,4.648938636622639,True,405
8,11,10.595971842909863,8.328112023414722,12.863831662405005,4.535719638990283,True,405
8,6,4.805510032005724,3.024043171330189,6.5869768926812595,3.5629337213510706,True,405
8,4,4.2517198670136835,2.0367939963143136,6.466645737713053,4.429851741398739,True,405
8,8,10.372195585224993,8.396150746946411,12.348240423503576,3.952089676557165,False,405
8,3,2.5355102817214665,0.6038127958558024,4.467207767587131,3.8633949717313287,True,405
8,1,0.9598731316387927,-0.85618616338789,2.7759324266654755,3.6321185900533655,True,405
8,10,12.184492707969378,10.159292690325788,14.209692725612967,4.050400035287179,False,405
8,11,10.54950973129364,8.40745673693555,12.691562725651728,4.284105988716178,True,405
8,7,7.765414466753681,5.87363578065957,9.657193152847793,3.7835573721882225,True,405
8,5,6.316025760109547,4.252965099995707,8.379086420223386,4.1261213202276785,True,405
8,2,1.7048285766845253,-0.4132322954486696,3.82288944881772,4.23612174426639,True,405
8,9,9.464756389799884,7.3374294707152234,11.592083308884545,4.254653838169322,True,405
8,5,5.9916541665217595,4.38154476818816,7.601763564855359,3.220218796667199,True,405
8,6,5.398627209683809,3.1546784314895935,7.6425759878780255,4.4878975563884325,True,405
8,7,8.22364774748499,6.294738313166015,10.152557181803964,3.857818868637949,True,405
8,4,3.1795208748168418,1.4042783893792121,4.954763360254471,3.5504849708752593,True,405
8,9,7.987368631559264,6.22833074802354,9.746406515094987,3.5180757670714478,True,405
8,12,9.709438408769314,7.761100001557761,11.657776815980867,3.896676814423106,False,405
8,11,10.244806484148413,7.979606002845102,12.510006965451723,4.53040096260662,True,405
8,1,-0.22325405280533128,-2.0894641218989816,1.642956016288319,3.7324201381873006,True,405
8,2,1.3986890656175386,-0.7589290703586151,3.5563072015936923,4.315236271952307,True,405
8,10,10.917988947871732,9.27268518362376,12.563292712119704,3.2906075284959435,True,405
8,3,0.41148861993734576,-1.5313905390171876,2.354367778891879,3.8857583179090662,False,405
8,8,5.037993658119338,2.690517266624505,7.38547004961417,4.694952782989665,False,405
8,3,1.876381175023076,-0.2974890209013108,4.050251370947463,4.347740391848774,True,405
8,10,10.691845740379986,8.957317719783585,12.426373760976386,3.4690560411928004,True,405
8,8,8.433297420529529,6.470499677501235,10.396095163557822,3.9255954860565874,True,405
8,7,5.852406500633611,4.099755602757369,7.605057398509853,3.5053017957524837,True,405
8,6,7.754112348234693,5.863410207309377,9.644814489160009,3.781404281850632,True,405
8,4,3.012385097322489,0.8309458333651198,5.193824361279858,4.362878527914738,True,405
8,2,2.69368097919069,0.5191932407928199,4.86816871758856,4.34897547679574,True,405
8,1,0.4558205086987419,-1.292495587828663,2.2041366052261466,3.4966321930548094,True,405
8,11,9.696835473509516,7.403864243197336,11.989806703821696,4.58594246062436,True,405
8,12,11.092399817827891,9.058097983751757,13.126701651904025,4.068603668152267,True,405
8,9,10.101000577220336,8.233553316912143,11.96844783752853,3.734894520616386,True,405
8,5,5.541537717714133,3.5783522653280846,7.504723170100182,3.9263709047720976,True,405
8,12,13.452153995664814,11.408041418800664,15.496266572528963,4.088225153728299,True,405
8,7,7.5414791238056225,5.532818353150629,9.550139894460616,4.017321541309986,True,405
8,6,3.583245805238671,1.632246654021283,5.534244956456059,3.9019983024347766,False,405
8,4,7.17162225146319,5.206084977854374,9.137159525072006,3.931074547217632,False,405
8,10,10.562753521087703,8.854995642038622,12.270511400136785,3.415515758098163,True,405
8,5,5.772007331582344,3.564949579337939,7.979065083826749,4.4141155044888105,True,405
8,2,1.4347434807551593,-0.5596911169585574,3.429178078468876,3.9888691954274336,True,405
8,13,14.669767439951062,12.997580108466773,16.341954771435354,3.3443746629685815,True,405
8,8,6.360338659099818,4.189827386724532,8.530849931475103,4.3410225447505715,True,405
8,3,3.9147436164952394,1.6137525747951447,6.215734658195334,4.601982083400189,True,405
8,11,7.880550076629441,5.567896596361505,10.193203556897377,4.625306960535871,False,405
8,9,10.015812782025275,8.156923534659974,11.874702029390576,3.7177784947306023,True,405
8,1,-0.6193256174591442,-2.2949945242464826,1.0563432893281943,3.351337813574677,True,405
8,2,2.4154917806406884,0.4393875402759433,4.391596021005434,3.9522084807294906,True,405
8,12,14.036010700119261,12.378316658156573,15.69370474208195,3.3153880839253773,False,405
8,9,10.234076061750658,7.931873934024424,12.536278189476892,4.604404255452468,True,405
8,7,8.836572505176342,7.123190357578337,10.549954652774346,3.4267642951960093,False,405
8,4,5.681272665471713,3.9136023873633663,7.44894294358006,3.5353405562166937,True,405
8,1,0.21357588563518193,-1.6748315757938914,2.1019833470642553,3.7768149228581467,True,405
8,10,10.897495260711782,9.027505541049054,12.76748498037451,3.739979439325456,True,405
8,13,10.412624656087285,8.219745839852408,12.605503472322162,4.385757632469755,False,405
8,6,4.9695953730836235,3.042205441224635,6.896985304942612,3.8547798637179773,True,405
8,5,7.0889823324260774,5.385652837743459,8.792311827108696,3.406658989365237,False,405
8,8,7.422444796360669,5.643440765035929,9.201448827685407,3.5580080626494786,True,405
8,11,8.197997169993885,6.2291795337500755,10.166814806237694,3.9376352724876185,False,405
8,3,6.020548375997036,4.335512868789995,7.705583883204077,3.3700710144140817,False,405
8,16,16.84337542475458,14.79409627126434,18.89265457824482,4.098558306980479,True,405
8,12,13.146717330458685,11.13346094391822,15.15997371699915,4.026512773080931,True,405
8,9,7.529295697617154,5.39915928002921,9.659432115205098,4.260272835175888,True,405
8,6,6.426084855794805,4.120965967593795,8.731203743995815,4.61023777640202,True,405
8,11,11.386362456333792,9.101213377389751,13.671511535277833,4.570298157888082,True,405
8,10,8.767772715064487,6.456085380086478,11.079460050042496,4.623374669956018,True,405
8,8,7.745270471715262,5.9839169665839975,9.506623976846527,3.522707010262529,True,405
8,7,4.7492984308254735,3.07673018688246,6.421866674768487,3.345136487886027,False,405
8,4,3.4799357006859974,1.6734159163631175,5.286455485008878,3.6130395686457604,True,405
8,14,15.460769385889728,13.189092553659094,17.732446218120362,4.543353664461268,True,405
8,13,11.879727611511873,9.547656318423975,14.211798904599771,4.664142586175796,True,405
8,15,17.86094675463983,15.61732977636653,20.104563732913128,4.487233956546598,False,405
8,5,2.845862731197415,1.190202159352669,4.501523303042161,3.311321143689492,False,405
8,2,1.6097369753066089,-0.7030115271709756,3.9224854777841935,4.625497004955169,True,405
8,1,0.015355054578811922,-1.886173210882438,1.916883320040062,3.8030565309225,True,405
8,3,2.729728752940696,1.1530899447891692,4.306367561092223,3.153277616303054,True,405
8,9,11.057212173211383,9.140747217970967,12.973677128451799,3.832929910480832,False,405
8,11,9.523316755303854,7.917834480165171,11.128799030442538,3.2109645502773674,True,405
8,5,4.323094203605705,2.3269979948012818,6.319190412410128,3.9921924176088464,True,405
8,10,10.981758629084709,9.14677323555577,12.816744022613648,3.6699707870578777,True,405
8,4,4.139738169876479,2.1989162253163483,6.080560114436609,3.8816438891202605,True,405
8,2,2.2627624239635042,0.21229474756707223,4.313230100359936,4.100935352792864,True,405
8,6,4.552085490600664,2.301032897415615,6.803138083785713,4.502105186370098,True,405
8,1,0.8926247925962542,-1.196080644408719,2.981330229601227,4.177410874009946,True,405
8,3,4.697367677309286,2.78745066517674,6.607284689441832,3.8198340242650914,True,405
8,8,5.585718525378531,3.373407469531851,7.798029581225211,4.42462211169336,False,405
8,7,5.954036273951459,3.6741228233357415,8.233949724567177,4.559826901231435,True,405
8,12,9.276687555711995,7.6133825687181975,10.939992542705792,3.326609973987594,False,405
8,8,8.805463545415611,6.818740135695854,10.792186955135367,3.9734468194395136,True,405
8,2,3.838205817971704,2.045625433560466,5.630786202382942,3.585160768822476,False,405
8,1,0.7248850190619359,-0.8813756675388423,2.3311457056627143,3.2125213732015565,True,405
8,6,4.491719978227055,2.397800338127614,6.585639618326495,4.187839280198881,True,405
8,5,3.535630322818197,1.289309519438525,5.781951126197869,4.492641606759344,True,405
8,10,9.554414188190886,7.857256571977624,11.251571804404149,3.394315232426525,True,405
8,11,10.548691931912712,8.341884681897158,12.755499181928267,4.413614500031109,True,405
8,4,5.367747667770056,3.1287831488547355,7.606712186685376,4.477929037830641,True,405
8,9,7.996685948335481,5.709900147656514,10.283471749014447,4.5735716013579335,True,405
8,7,7.652617507278789,5.8751238073759335,9.430111207181644,3.554987399805711,True,405
8,3,2.5417949561281974,0.2631597843091975,4.820430127947198,4.557270343638001,True,405
8,4,2.8828645671402438,1.0619178589237233,4.703811275356764,3.6418934164330405,True,405
8,3,2.504435904988534,0.5017013437637825,4.507170466213285,4.005469122449503,True,405
8,2,2.50480757280647,0.8958427106934057,4.113772434919534,3.2179297242261287,True,405
8,1,2.3724000848225533,0.7686347241492124,3.9761654454958943,3.207530721346682,True,405
8,9,8.622040219262265,6.487454038338397,10.756626400186134,4.269172361847737,True,405
8,7,5.194092803803345,3.275990847750105,7.112194759856585,3.8362039121064804,True,405
8,8,9.499572204898161,7.729134787691782,11.27000962210454,3.540874834412758,True,405
8,11,9.652745925271828,7.934001468724282,11.371490381819374,3.437488913095092,True,405
8,5,5.391234751516299,3.296211245688766,7.486258257343832,4.190047011655066,True,405
8,10,9.962750998444369,8.393102586899152,11.532399409989585,3.139296823090433,True,405
8,6,5.762144861480672,3.56045559071754,7.963834132243804,4.403378541526264,True,405
8,11,10.26953554971799,8.638017692108038,11.901053407327941,3.263035715219903,True,405
8,6,6.930223170623196,5.2106343194586255,8.649812021787767,3.4391777023291414,True,405
8,3,-2.3730939112312663,-4.245494069409285,-0.5006937530532474,3.744800316356038,False,405
8,1,2.704705762550556,0.7549199381199867,4.654491586981125,3.8995716488611385,True,405
8,12,10.631238338408947,8.78335217086694,12.479124505950953,3.695772335084012,True,405
8,4,4.611935364625972,2.790949885834963,6.432920843416981,3.641970957582018,True,405
8,9,9.532538426902393,7.206852329428965,11.85822452437582,4.651372194946856,True,405
8,10,11.912466073031228,9.839706549815578,13.985225596246877,4.1455190464313,True,405
8,8,8.296623703307104,6.708903310995493,9.884344095618713,3.1754407846232207,True,405
8,7,5.756336229048932,3.8494581995562944,7.6632142585415695,3.813756058985275,True,405
8,5,2.5928675181335468,0.336944025067778,4.8487910111993155,4.511846986131538,False,405
8,2,1.4767952676905383,-0.32908068657969936,3.2826712219607757,3.611751908540475,True,405
8,3,0.06273685667548135,-1.5807916885241555,1.7062654018751182,3.2870570903992737,False,405
8,11,10.057271440533867,7.892858856426312,12.221684024641423,4.328825168215111,True,405
8,10,9.561054069504692,7.51620188271218,11.605906256297203,4.089704373585023,True,405
8,7,5.965126032956613,3.9482874851487497,7.981964580764476,4.033677095615726,True,405
8,6,6.062660486047368,4.451287412275422,7.674033559819314,3.2227461475438925,True,405
8,5,4.645843983621188,2.966265760601639,6.325422206640738,3.359156446039099,True,405
8,12,11.508470188006827,9.450643095111603,13.56629728090205,4.115654185790447,True,405
8,1,-2.6362259255559586,-4.368631699820659,-0.9038201512912587,3.4648115485294,False,405
8,9,7.057942228971676,5.093081906395746,9.022802551547606,3.9297206451518605,True,405
8,8,8.963985097782313,6.9671012681445825,10.960868927420044,3.993767659275462,True,405
8,2,3.2063844094211666,1.4145924341219027,4.998176384720431,3.583583950598528,True,405
8,4,1.2418349230315067,-1.071696015683385,3.5553658617463983,4.627061877429783,False,405
8,6,4.777922728148803,2.5475358923184883,7.008309563979117,4.460773671660629,True,405
8,8,9.60794805139869,7.471792305742821,11.74410379705456,4.272311491311739,True,405
8,7,5.922941779892277,4.292409259383027,7.553474300401526,3.261065041018499,True,405
8,3,2.8327638193123317,1.180153797494521,4.4853738411301425,3.3052200436356216,True,405
8,5,7.162707993523862,5.206705564135159,9.118710422912564,3.9120048587774043,False,405
8,4,3.4576340328349096,1.7621942915030493,5.15307377416677,3.3908794826637205,True,405
8,2,1.2429208847193263,-1.094024748996801,3.5798665184354537,4.673891267432254,True,405
8,13,12.764444964111055,11.070726087144214,14.458163841077896,3.387437753933682,True,405
8,10,12.780116196849743,10.828283101955678,14.731949291743808,3.9036661897881295,False,405
8,12,12.66930275443422,10.81425576516592,14.52434974370252,3.7100939785366016,True,405
8,11,11.028622441669652,8.957583896302003,13.099660987037302,4.142077090735299,True,405
8,9,8.213460066477625,6.542876164302389,9.884043968652861,3.341167804350472,True,405
8,1,1.8082253922716847,-0.09876289826557794,3.7152136828089475,3.8139765810745256,True,405
8,5,5.989549654896198,4.204664439153526,7.77443487063887,3.5697704314853436,True,405
8,2,0.39023223578679533,-1.8756901272389224,2.6561545988125133,4.531844726051435,True,405
8,12,13.02994228791924,11.428762699130884,14.631121876707597,3.2023591775767137,True,405
8,8,7.773271570064854,5.486966729767786,10.059576410361922,4.572609680594136,True,405
8,4,4.03719795194291,1.8142418845583221,6.260154019327498,4.445912134769175,True,405
8,3,1.6735664955175227,-0.12926065998303704,3.4763936510180824,3.6056543110011194,True,405
8,9,8.400026958256635,6.211363557886667,10.588690358626604,4.377326800739937,True,405
8,7,5.454786602165757,3.8609610284866194,7.0486121758448945,3.187651147358275,True,405
8,11,9.382672744825548,7.054672243028666,11.71067324662243,4.656001003593765,True,405
8,1,1.5656353306401696,-0.4168995009786185,3.5481701622589576,3.965069663237576,True,405
8,10,9.467325151835338,7.660017306715985,11.27463299695469,3.614615690238705,True,405
8,6,4.050543495206377,2.196703201057087,5.904383789355666,3.7076805882985795,False,405
8,10,13.265578971232564,11.64413957055056,14.887018371914568,3.2428788013640073,False,405
8,7,5.313017441026095,2.967374522341108,7.658660359711082,4.691285837369973,True,405
8,6,7.638154441529,6.037990028567424,9.238318854490577,3.2003288259231537,False,405
8,5,2.7853045375672973,0.7020874149372776,4.868521660197317,4.166434245260039,False,405
8,2,2.6847535027516933,0.768020044811359,4.601486960692028,3.8334669158806687,True,405
8,1,0.6241594470719631,-1.6897568121334485,2.938075706277375,4.627832518410823,True,405
8,12,11.056414902962393,9.29405377340166,12.818776032523125,3.5247222591214644,True,405
8,4,4.295113485648559,2.308269357798533,6.2819576134985855,3.9736882557000524,True,405
8,9,9.093389784493999,7.145567612826065,11.041211956161932,3.895644343335867,True,405
8,8,6.781302224476932,4.660453021378952,8.902151427574912,4.24169840619596,True,405
8,3,1.7133916788194998,0.09069298348083366,3.3360903741581662,3.245397390677333,True,405
8,11,8.639128682008398,6.917735477983405,10.360521886033391,3.4427864080499857,False,405
8,10,10.458346576535577,8.720651381036054,12.1960417720351,3.4753903909990456,True,405
8,6,4.119292759349987,1.9707571337175414,6.267828384982433,4.297071251264892,True,405
8,4,4.005962434775774,2.2882182710580583,5.723706598493489,3.435488327435431,True,405
8,3,3.8887169761810743,1.8693837721146211,5.908050180247527,4.038666408132906,True,405
8,11,11.31208254773608,9.573854563249666,13.050310532222495,3.4764559689728287,True,405
8,12,10.915303052974112,8.66988134214155,13.160724763806673,4.490843421665122,True,405
8,5,6.363218617024954,4.054583763735417,8.67185347031449,4.617269706579073,True,405
8,2,1.3880427828481205,-0.5881347048232239,3.364220270519465,3.952354975342689,True,405
8,1,-1.0012411385074866,-2.8470195096502886,0.8445372326353153,3.691556742285604,False,405
8,8,7.574408743320084,5.821418075856353,9.327399410783816,3.505981334927463,True,405
8,9,9.880196066977089,8.271801241115341,11.488590892838836,3.216789651723495,True,405
8,7,5.98837852838481,4.208362135261842,7.768394921507777,3.5600327862459356,True,405
8,8,9.317273622455456,7.234583280458364,11.39996396445255,4.165380683994186,True,405
8,9,7.844510902173524,5.8564661500728965,9.832555654274152,3.976089504201256,True,405
8,6,5.048680209471709,2.7385891531139417,7.358771265829477,4.6201821127155345,True,405
8,3,1.430881476220121,-0.4493974157483669,3.3111603681886086,3.7605577839369753,True,405
8,1,2.025564305362044,-0.08822046391830307,4.139349074642391,4.227569538560694,True,405
8,13,12.920136144866197,10.966847562347384,14.873424727385009,3.906577165037625,True,405
8,11,9.53035707838404,7.558822274288842,11.501891882479237,3.9430696081903953,True,405
8,5,4.405684486578345,2.626237574385647,6.185131398771042,3.558893824385395,True,405
8,10,5.393273518151458,3.4669554752561025,7.319591561046814,3.852636085790712,False,405
8,7,8.166958545199964,6.228215917543993,10.105701172855936,3.8774852553119423,True,405
8,12,11.743880040752538,9.620067875353541,13.867692206151535,4.2476243307979935,True,405
8,4,0.3906427734851543,-1.9167794125428834,2.698064959513192,4.6148443720560754,False,405
8,2,-0.18502216198612276,-2.0127629243840612,1.6427186004118155,3.655481524795877,False,405
8,9,8.367608906163595,6.765162271816802,9.970055540510387,3.204893268693585,True,405
8,7,5.028743861342744,3.069984286199909,6.9875034364855795,3.9175191502856705,False,405
8,2,3.1900239855290877,1.193469993569373,5.186577977488803,3.9931079839194297,True,405
8,1,1.6278593289867316,-0.07364369013477812,3.3293623481082415,3.40300603824302,True,405
8,4,4.539303915276803,2.3732593542188494,6.705348476334757,4.332089122115908,True,405
8,10,6.093479597177943,3.7513052234208524,8.435653970935034,4.684348747514182,False,405
8,6,5.211812378689659,2.900361150743687,7.5232636066356315,4.6229024558919445,True,405
8,11,9.953575324086415,8.229579452289457,11.677571195883374,3.447991743593917,True,405
8,3,1.5689183188431186,-0.6872833700656784,3.8251200077519156,4.512403377817594,True,405
8,12,11.377237078254431,9.255111071550063,13.4993630849588,4.244252013408737,True,405
8,8,6.310642689370906,4.385191085637082,8.23609429310473,3.8509032074676472,True,405
8,5,5.322831099425327,3.3292983392118565,7.316363859638798,3.987065520426942,True,405
8,10,11.149827031506657,8.913840760870421,13.385813302142893,4.471972541272471,True,405
8,6,7.020575607635507,5.074496391665931,8.966654823605085,3.892158431939154,True,405
8,4,3.793133122432779,1.9309564068082894,5.655309838057269,3.7243534312489794,True,405
8,12,14.998859544500254,13.04249134497253,16.955227744027976,3.9127363990554453,False,405
8,3,4.709962671750764,2.686205485517929,6.7337198579835995,4.04751437246567,True,405
8,13,12.847662694491172,11.129966428826426,14.565358960155917,3.435392531329491,True,405
8,7,6.276591684697726,4.00034608568156,8.552837283713892,4.552491198032332,True,405
8,5,7.007040744172881,4.908695384991244,9.105386103354517,4.196690718363273,True,405
8,2,3.5113710241440996,1.4451326803399498,5.5776093679482495,4.1324766876083,True,405
8,8,5.884359194263656,4.236954488787248,7.5317638997400636,3.2948094109528157,False,405
8,1,2.6287319788431183,0.5853234953570245,4.672140462329212,4.086816966972187,True,405
8,11,10.768439697914106,9.104192564944302,12.43268683088391,3.3284942659396073,True,405
8,9,7.708632704109963,6.07754792830664,9.339717479913286,3.2621695516066467,True,405
8,11,8.031191211139005,6.04809459502494,10.014287827253069,3.966193232228129,False,405
8,8,7.596625707953298,5.7112399922381485,9.482011423668448,3.7707714314302994,True,405
8,6,5.981658622170112,3.9503054968541957,8.01301174748603,4.062706250631834,True,405
8,9,11.380991481165326,9.741648486629746,13.020334475700906,3.2786859890711604,False,405
8,7,8.43585071162303,6.528339334975547,10.343362088270512,3.815022753294965,True,405
8,5,4.125669917935948,2.419187275530514,5.832152560341382,3.412965284810868,True,405
8,2,2.5840135913296054,0.240135723907815,4.927891458751396,4.687755734843581,True,405
8,12,13.239374134009235,11.229724933985102,15.24902333403337,4.019298400048267,True,405
8,1,1.1289360820258232,-0.9798060415257772,3.2376782055774234,4.217484247103201,True,405
8,3,2.119268761453194,0.294590550544241,3.9439469723621476,3.649356421817907,True,405
8,4,3.2017413156348313,1.5580695138379725,4.84541311743169,3.287343603593717,True,405
8,10,10.578209605685428,8.243142935354612,12.913276276016244,4.670133340661632,True,405
8,13,13.61947084828757,11.8255195918569,15.41342210471824,3.5879025128613407,True,405
8,8,7.5605680763546825,5.6586865870551515,9.462449565654214,3.803762978599063,True,405
8,6,2.071271692419991,-0.007988198142629521,4.1505315829826115,4.158519781125241,False,405
8,7,5.064215909063064,3.475503429478695,6.652928388647433,3.1774249591687376,False,405
8,3,3.9295333824181684,1.724416718005604,6.134650046830733,4.410233328825129,True,405
8,1,-2.1962569960338136,-4.186625349142938,-0.20588864292468934,3.9807367062182486,False,405
8,9,10.776271524550822,8.98863043843082,12.563912610670824,3.575282172240005,True,405
8,12,13.554235891707755,11.936560825914931,15.171910957500579,3.2353501315856477,True,405
8,2,2.0616445728998087,0.36480414955753027,3.758484996242087,3.393680846684557,True,405
8,11,11.89689655134291,9.625259983429247,14.168533119256574,4.543273135827327,True,405
8,10,10.793162017538329,8.685528343156633,12.900795691920024,4.2152673487633905,True,405
8,4,3.8246903074506804,2.0592674232062675,5.590113191695093,3.5308457684888257,True,405
8,5,2.9391663236171452,1.3183582567236118,4.559974390510678,3.2416161337870664,False,405
8,11,12.450909462592529,10.339673314139816,14.562145611045242,4.222472296905426,True,405
8,10,12.110845017075452,10.092362421432746,14.129327612718157,4.036965191285411,False,405
8,8,6.187114213636487,4.300367893444926,8.07386053382805,3.7734926403831244,True,405
8,7,4.883117492245451,3.0284703751143143,6.737764609376588,3.7092942342622734,False,405
8,5,4.794804642863989,3.0553443743516153,6.534264911376362,3.478920537024747,True,405
8,4,3.0606631065453254,0.9659081405822199,5.15541807250843,4.18950993192621,True,405
8,2,2.217423860308189,-0.11356031883406814,4.548408039450446,4.661968358284514,True,405
8,1,2.81199105979058,1.1047798302239507,4.519202289357209,3.4144224591332586,False,405
8,12,8.631494342591257,6.593623501419092,10.669365183763421,4.075741682344329,False,405
8,9,11.371907927428733,9.46973072035339,13.274085134504077,3.804354414150687,False,405
8,3,2.38999733718462,0.47016225352230645,4.309832420846933,3.839670167324627,True,405
8,6,6.767668467975741,4.9989142355021166,8.536422700449366,3.5375084649472495,True,405
8,10,10.928088757156699,8.711299591387705,13.144877922925692,4.433578331537987,True,405
8,3,4.103011731296695,2.152914500575826,6.053108962017563,3.900194461441737,True,405
8,1,1.0928621560449951,-0.9028636359799094,3.0885879480698994,3.991451584049809,True,405
8,11,11.443340902680118,9.634871839771817,13.25180996558842,3.6169381258166027,True,405
8,8,8.433533075908105,6.721540699848106,10.145525451968105,3.423984752119999,True,405
8,6,5.054575798830829,3.4178314475543488,6.691320150107309,3.27348870255296,True,405
8,5,2.3629172128442035,0.23323839359845255,4.4925960320899545,4.259357638491502,False,405
8,13,11.171221258352208,9.447909425321138,12.894533091383279,3.446623666062141,False,405
8,2,1.843643030752948,-0.26716943050052877,3.954455492006425,4.221624922506954,True,405
8,12,10.819790014655423,8.944141296657246,12.6954387326536,3.751297435996353,True,405
8,9,7.823255891415697,5.927677930905817,9.718833851925577,3.79115592101976,True,405
8,4,6.698876568529293,4.761395293261831,8.636357843796755,3.8749625505349243,False,405
8,7,8.28834219498981,6.430480252279064,10.146204137700554,3.7157238854214905,True,405
8,5,4.62188605113504,2.9735995756743807,6.270172526595699,3.2965729509213184,True,405
8,3,4.008052418483163,2.1957613249009302,5.820343512065396,3.6245821871644655,True,405
8,11,10.369597091613649,8.279453529922472,12.459740653304825,4.180287123382353,True,405
8,8,8.166085151279745,6.0743329909271715,10.257837311632318,4.183504320705147,True,405
8,2,2.662442972628374,0.8685189662140582,4.45636697904269,3.5878480128286316,True,405
8,12,11.373591048342181,9.44323052070325,13.303951575981113,3.860721055277864,True,405
8,9,7.972124178694356,6.250999253780989,9.693249103607723,3.4422498498267338,True,405
8,7,8.835897727702756,7.101492434395678,10.570303021009833,3.468810586614155,False,405
8,13,13.92116945079716,12.333751835427442,15.508587066166879,3.1748352307394363,True,405
8,1,-2.381916317439076,-4.654896776933352,-0.10893585794479899,4.545960918988554,False,405
8,10,8.997796104952585,7.263128275090475,10.732463934814694,3.4693356597242193,True,405
8,4,2.8280912504584093,1.0802196683555978,4.5759628325612205,3.4957431642056225,True,405
8,6,5.068292866781404,3.27956560929919,6.857020124263617,3.5774545149644266,True,405
8,7,8.293603433138342,6.624297232881329,9.962909633395356,3.3386124005140267,True,405
8,5,5.028808952005537,2.9578673430025613,7.099750561008513,4.141883218005951,True,405
8,2,-0.08444450628331834,-1.712740010209998,1.5438509976433614,3.2565910078533595,False,405
8,11,10.425177744562076,8.750540240704666,12.099815248419485,3.3492750077148195,True,405
8,10,10.812606471424285,8.737354026626592,12.887858916221978,4.1505048895953855,True,405
8,9,8.670532476699368,6.834678776494929,10.506386176903806,3.671707400408877,True,405
8,6,5.032986073254763,2.908149678569897,7.15782246793963,4.249672789369733,True,405
8,12,12.496828918107793,10.490102968456622,14.503554867758965,4.013451899302343,True,405
8,4,6.427288734158616,4.657064120363015,8.197513347954217,3.5404492275912025,False,405
8,3,3.692137249437778,1.6121209176204858,5.77215358125507,4.160032663634585,True,405
8,8,9.951412269547548,8.290842855077734,11.611981684017362,3.3211388289396275,False,405
8,1,0.13357867320264516,-1.8566580073874854,2.123815353792776,3.9804733611802616,True,405
8,13,12.987456833313908,11.075107953555237,14.89980571307258,3.824697759517342,True,405
8,12,11.957172023196476,10.177647218545724,13.736696827847227,3.5590496093015034,True,405
8,8,8.178018626101537,6.134742704541942,10.221294547661131,4.086551843119189,True,405
8,5,5.660779409571374,3.4077396507816986,7.91381916836105,4.5060795175793515,True,405
8,4,2.621546318417833,0.26840576400373894,4.974686872831927,4.706281108828188,True,405
8,15,15.970999028270217,13.924774509062877,18.017223547477556,4.09244903841468,True,405
8,11,8.558171091567175,6.671278548843553,10.445063634290797,3.773785085447244,False,405
8,6,3.9963650062399774,2.250319168270331,5.7424108442096236,3.4920916759392924,False,405
8,2,5.203439151759846,3.432371086947815,6.974507216571877,3.542136129624062,False,405
8,7,6.2348188907816855,4.289273217926836,8.180364563636536,3.8910913457096994,True,405
8,3,4.094279026479303,2.23675512354104,5.951802929417567,3.7150478058765266,True,405
8,1,3.5474355886404343,1.2610624598873947,5.833808717393474,4.572746257506079,False,405
8,14,10.528315881832286,8.669993371545107,12.386638392119465,3.716645020574358,False,405
8,10,11.689369270233565,9.827006414381446,13.551732126085684,3.724725711704238,True,405
8,9,9.973415409388906,8.103135328632378,11.843695490145434,3.7405601615130557,True,405
8,15,17.46059592139956,15.23479459633107,19.686397246468047,4.4516026501369765,False,405
8,13,11.227715257503059,9.14773002174519,13.307700493260928,4.159970471515738,True,405
8,6,8.176881985431919,6.1256308275483615,10.228133143315477,4.102502315767115,False,405
8,12,10.890878352595964,9.05935412769876,12.722402577493167,3.663048449794406,True,405
8,9,10.582166721414985,8.371051243993797,12.793282198836174,4.422230954842377,True,405
8,5,4.94596844636834,3.346532269824567,6.5454046229121134,3.1988723530875465,True,405
8,1,2.1561532096527083,-0.0964656382419311,4.408772057547347,4.505237695789278,True,405
8,3,3.0733037749577297,1.1016326869194262,5.044974862996034,3.9433421760766074,True,405
8,11,8.240897623719906,6.359070606097082,10.122724641342732,3.76365403524565,False,405
8,7,2.3191839655843047,0.35974003931449405,4.278627891854115,3.918887852539621,False,405
8,8,8.314873300975236,6.221841248016357,10.407905353934115,4.186064105917758,True,405
8,2,1.604397443552978,0.02504750554526769,3.1837473815606883,3.1586998760154206,True,405
8,14,14.59733142713044,12.344120403762869,16.85054245049801,4.506422046735143,True,405
8,10,9.621769801234638,7.701894853706966,11.54164474876231,3.839749895055345,True,405
8,4,7.027116074076731,5.188668344952069,8.865563803201391,3.676895458249322,False,405
8,16,16.345805691742456,14.667995671241599,18.023615712243313,3.355620041001714,True,405
8,14,13.329578408626002,11.415411244879412,15.243745572372593,3.828334327493181,True,405
8,12,12.5060445995203,10.54726333165249,14.46482586738811,3.9175625357356196,True,405
8,11,10.356987804678042,8.470926365065493,12.24304924429059,3.7721228792250976,True,405
8,6,6.139395351170981,4.037540064214809,8.241250638127152,4.203710573912343,True,405
8,5,3.173779719146248,1.274182909579842,5.073376528712654,3.7991936191328115,True,405
8,3,2.987122197210592,0.6633965377936475,5.310847856627537,4.647451318833889,True,405
8,13,12.283221405947238,10.243654980294993,14.322787831599483,4.0791328513044895,True,405
8,10,8.31589506194698,6.1129607084387825,10.518829415455178,4.4058687070163955,True,405
8,9,11.963603802108963,10.308462536802391,13.618745067415535,3.3102825306131436,False,405
8,8,6.374396945089751,4.493322377224864,8.255471512954639,3.762149135729775,True,405
8,1,1.0104463351629063,-0.823200161239293,2.8440928315651055,3.6672929928043985,True,405
8,15,13.795787947576864,11.77960076701902,15.811975128134709,4.032374361115689,True,405
8,7,7.445559206319812,5.200538797578281,9.690579615061344,4.490040817483063,True,405
8,4,2.088422298296624,0.45761957675936915,3.7192250198338783,3.261605443074509,False,405
8,2,3.2605352359033266,1.6342548777042434,4.88681559410241,3.252560716398167,True,405
8,13,16.054234279538264,13.817684984537268,18.290783574539258,4.473098590001991,False,405
8,10,8.740691144348995,7.004341443504231,10.477040845193759,3.4726994016895283,True,405
8,7,8.825453294021981,6.731371573697027,10.919535014346936,4.188163440649909,True,405
8,5,4.4271809834064655,2.4318692755473537,6.422492691265577,3.9906234157182237,True,405
8,1,3.2586866816141287,1.0358095074926164,5.481563855735641,4.445754348243025,False,405
8,11,14.282748479143986,12.615262047892355,15.950234910395618,3.334972862503264,False,405
8,14,13.649442482437312,11.978272782000303,15.32061218287432,3.3423394008740175,True,405
8,12,9.719600878658023,7.7133507386263105,11.725851018689735,4.012500280063424,False,405
8,2,3.4221265811541346,1.1102014644855998,5.73405169782267,4.62385023333707,True,405
8,8,8.336625811916175,6.441657570847923,10.231594052984427,3.789936482136504,True,405
8,6,6.752686751666461,4.9268128503332775,8.578560652999645,3.6517478026663674,True,405
8,9,8.490232437233452,6.444850214964177,10.535614659502727,4.09076444453855,True,405
8,4,2.6732607720089514,0.37383543678128417,4.972686107236619,4.5988506704553345,True,405
8,3,4.740522271450462,2.5144795652783802,6.966564977622543,4.452085412344163,True,405
8,12,12.479684991834048,10.129228851945381,14.830141131722716,4.700912279777334,True,405
8,10,7.834664448724412,6.24762230043828,9.421706597010544,3.174084296572264,False,405
8,10,11.03031283480434,9.372423477253058,12.688202192355622,3.3157787151025637,True,405
8,3,3.7292528969497507,1.6816905252947412,5.776815268604761,4.09512474331002,True,405
8,6,5.512051613514654,3.2988393007840267,7.725263926245281,4.426424625461255,True,405
8,5,7.429719851363483,5.636564790766774,9.222874911960194,3.58631012119342,False,405
8,4,3.0727402564791033,1.3157059560682527,4.829774556889954,3.5140686008217017,True,405
8,2,1.7465202527677375,-0.4403267578133778,3.9333672633488526,4.373694021162231,True,405
8,12,13.152972131952296,11.53939783729546,14.766546426609132,3.2271485893136713,True,405
8,9,9.115144425496082,7.255968841359613,10.97432000963255,3.718351168272936,True,405
8,8,5.923365268462345,3.9571402984682305,7.88959023845646,3.9324499399882296,False,405
8,7,7.275699059490145,5.266678799683257,9.284719319297032,4.018040519613775,True,405
8,1,0.37841531205215095,-1.7626380476445813,2.519468671748883,4.2821067193934645,True,405
8,13,14.285494367374396,12.437725423055806,16.133263311692986,3.6955378886371797,True,405
8,8,8.22682751599271,6.1767412002047015,10.276913831780718,4.100172631576016,True,405
8,5,5.141761479571086,3.113103564487782,7.17041939465439,4.057315830166608,True,405
8,13,11.427623254421423,9.428593820775117,13.42665268806773,3.998058867292613,True,405
8,3,2.654962038128992,0.5830628141100691,4.7268612621479145,4.143798448037845,True,405
8,7,8.45515164101898,6.68223719145423,10.22806609058373,3.545828899129501,True,405
8,1,-0.16480451681205643,-1.8005589054581288,1.470949871834016,3.2715087772921447,True,405
8,11,10.951174665368429,9.28825282670791,12.614096504028948,3.325843677321039,True,405
8,12,10.595330922526486,8.849775279604058,12.340886565448914,3.4911112858448554,True,405
8,10,8.224236038422497,6.262414058348951,10.186058018496043,3.923643960147092,True,405
8,2,1.872711432515971,-0.3560893124124729,4.101512177444415,4.457601489856888,True,405
8,9,9.260701747316007,7.141086904890655,11.380316589741359,4.239229684850703,True,405
8,6,8.990794408848892,6.802327214751685,11.179261602946099,4.376934388194414,False,405
8,4,3.3168094242306863,1.4720772179900132,5.161541630471359,3.689464412481346,True,405
9,9,6.499854889816204,4.090198074003661,8.909511705628747,4.819313631625086,False,395
9,8,5.757865780325534,3.5656259210789027,7.950105639572165,4.384479718493262,False,395
9,4,4.2048960933831285,1.9245796635157282,6.485212523250529,4.560632859734801,True,395
9,3,3.038077916958408,1.0864030385719465,4.989752795344869,3.903349756772923,True,395
9,2,0.9251397673638422,-0.9766187928251917,2.8268983275528763,3.8035171203780678,True,395
9,1,2.2143916539578288,0.3955216724363282,4.033261635479329,3.6377399630430007,True,395
9,10,10.796341471323924,8.777093976277623,12.815588966370225,4.038494990092602,True,395
9,7,8.287208606401023,6.21002001730421,10.364397195497837,4.154377178193627,True,395
9,6,5.815295346971599,3.6730306242382555,7.957560069704942,4.284529445466687,True,395
9,5,5.903870401967511,4.066575939712574,7.741164864222449,3.674588924509875,True,395
9,11,10.331524545455007,7.931320123599972,12.731728967310042,4.80040884371007,True,395
9,6,9.080728035129894,7.314544617589285,10.846911452670504,3.532366835081219,False,395
9,4,2.7811813448170213,0.3671396605571613,5.195223029076882,4.828083368519721,True,395
9,8,11.157946144187468,9.51785326046636,12.798039027908576,3.280185767442216,False,395
9,3,3.0523319206341126,1.0326956074951998,5.071968233773026,4.0392726262778265,True,395
9,1,-1.0632663343531141,-2.9626277545799966,0.8360950858737684,3.798722840453765,False,395
9,10,12.052119025732901,10.058532566793676,14.045705484672126,3.98717291787845,False,395
9,11,11.188852082592438,9.096331115302075,13.281373049882802,4.1850419345807275,True,395
9,7,8.276686147570357,6.294116572948012,10.259255722192703,3.965139149244691,True,395
9,5,6.83578387781389,4.8700985416683915,8.80146921395939,3.9313706722909982,True,395
9,2,2.506933331217538,0.28249647107110665,4.731370191363969,4.4488737202928625,True,395
9,9,8.111638732780778,5.925335444860395,10.29794202070116,4.3726065758407655,True,395
9,5,6.463570066503875,4.157287242926694,8.769852890081056,4.612565647154362,True,395
9,6,6.001133261181893,4.169666650452943,7.832599871910843,3.6629332214579,True,395
9,7,8.028786727912628,5.9046305209728205,10.152942934852437,4.248312413879616,True,395
9,4,0.7694041393128082,-1.3349444159969748,2.873752694622591,4.208697110619566,False,395
9,9,9.670472575514777,7.741505997464408,11.599439153565147,3.8579331561007386,True,395
9,12,11.042121262282455,9.018470423173673,13.065772101391238,4.047301678217565,True,395
9,11,13.479964455767796,11.596545791116933,15.363383120418659,3.766837329301726,False,395
9,1,1.9346310218336427,0.19116968217341634,3.678092361493869,3.4869226793204526,True,395
9,2,2.3597866187739447,0.5577524332944801,4.161820804253409,3.604068370958929,True,395
9,10,10.729464990025333,9.015576881854756,12.44335309819591,3.4277762163411545,True,395
9,3,1.5023387206849226,-0.6816799135198386,3.686357354889684,4.368037268409522,True,395
9,8,10.434885035792082,8.269052937801233,12.600717133782931,4.331664195981698,False,395
9,3,5.987055627625357,3.5852620411593406,8.388849214091373,4.803587172932032,False,395
9,10,10.589370265822325,8.36741203711347,12.81132849453118,4.443916457417711,True,395
9,8,10.385605352860459,8.715240040112967,12.055970665607951,3.3407306254949845,False,395
9,7,6.146277701991199,3.7985021304130298,8.494053273569367,4.6955511431563375,True,395
9,6,4.804329650662529,2.474112068024708,7.134547233300351,4.6604351652756435,True,395
9,4,4.061387123093384,2.0725243819844072,6.050249864202361,3.977725482217954,True,395
9,2,2.652411557551848,0.5475190344221197,4.7573040806815765,4.209785046259457,True,395
9,1,0.40901997813531943,-2.0135077844973113,2.8315477407679497,4.845055525265261,True,395
9,11,11.806652285552726,9.745356533380319,13.867948037725133,4.122591504344815,True,395
9,12,12.45958422311012,10.094652254811983,14.824516191408257,4.729863936596274,True,395
9,9,7.502539837063417,5.806946288205925,9.19813338592091,3.391187097714985,True,395
9,5,5.778189526177582,3.9946733050487135,7.5617057473064495,3.567032442257736,True,395
9,12,13.295292363782282,11.30851783982105,15.282066887743515,3.9735490479224644,True,395
9,7,7.257203976385586,5.15321193439902,9.361196018372151,4.207984083973131,True,395
9,6,7.7289721548925385,5.436562683476218,10.021381626308859,4.584818942832641,True,395
9,4,2.173894309754572,-0.258551051971982,4.606339671481126,4.864890723453108,True,395
9,10,10.701925633197778,8.757400515067847,12.64645075132771,3.8890502362598625,True,395
9,5,3.2445789404048377,1.5779826125868082,4.911175268222867,3.3331926556360587,False,395
9,2,0.3288779626503686,-1.9512756410320264,2.6090315663327637,4.56030720736479,True,395
9,13,12.053603749393314,9.93363784405991,14.17356965472672,4.2399318106668105,True,395
9,8,6.586909724638632,4.797295837519916,8.37652361175735,3.5792277742374337,True,395
9,3,2.178006271888293,0.14721590819845698,4.208796635578129,4.061580727379672,True,395
9,11,10.678774533933217,8.446533994068764,12.91101507379767,4.464481079728905,True,395
9,9,10.255731729497077,8.0006165348232,12.510846924170954,4.510230389347754,True,395
9,1,0.5182614419414463,-1.516427945425546,2.552950829308439,4.069378774733985,True,395
9,2,-0.37843856015438915,-2.2548831876792805,1.4980060673705022,3.7528892550497828,False,395
9,12,13.71010176974274,11.289475307963407,16.130728231522074,4.841252923558667,True,395
9,9,7.744364799577441,5.576387634258856,9.912341964896026,4.33595433063717,True,395
9,7,6.911919359343057,4.951614018595169,8.872224700090944,3.9206106814957753,True,395
9,4,4.6698047604110675,2.81350769590848,6.526101824913654,3.7125941290051743,True,395
9,1,1.2994156276041742,-0.9237022005607254,3.5225334557690737,4.446235656329799,True,395
9,10,11.641269321282213,9.816131996568885,13.46640664599554,3.650274649426656,True,395
9,13,13.71850471508914,11.950732784064558,15.486276646113721,3.5355438620491633,True,395
9,6,4.708035630454338,2.648750844839213,6.767320416069463,4.11856957123025,True,395
9,5,8.267843260987494,6.403793523375162,10.131892998599826,3.7280994752246635,False,395
9,8,8.29150019500735,6.151571407039527,10.431428982975174,4.2798575759356465,True,395
9,11,10.77898966006774,9.054987578720114,12.502991741415366,3.448004162695252,True,395
9,3,4.445888134583356,2.2847660754655563,6.607010193701155,4.322244118235599,True,395
9,16,16.374176418895107,14.515573045104977,18.232779792685236,3.717206747580258,True,395
9,12,12.59884228940899,10.970644540779297,14.227040038038684,3.256395497259387,True,395
9,9,12.738275997901031,11.006950046954252,14.46960194884781,3.462651901893558,False,395
9,6,5.58731785761743,3.1993549400596635,7.975280775175197,4.775925835115533,True,395
9,11,10.523358658973907,8.189331982734005,12.857385335213808,4.668053352479802,True,395
9,10,10.174867768018697,8.3567100159412,11.993025520096193,3.636315504154993,True,395
9,8,9.607273903371558,7.345679173071528,11.868868633671589,4.523189460600061,True,395
9,7,4.740198954714401,2.6168216778707865,6.8635762315580156,4.246754553687229,False,395
9,4,1.0516661627852422,-1.3666502723349518,3.469982597905436,4.836632870240388,False,395
9,14,13.119327094069778,11.187212087209053,15.051442100930503,3.86423001372145,True,395
9,13,10.54911556141107,8.36640662282209,12.731824500000048,4.365417877177958,False,395
9,15,14.362752978711542,12.683034900658473,16.04247105676461,3.3594361561061383,True,395
9,5,5.753749544193935,3.8032042038853806,7.70429488450249,3.9010906806171093,True,395
9,2,0.6638767046716048,-1.7486708715355745,3.076424280878784,4.825095152414359,True,395
9,1,-1.1402398651720134,-3.206970296974412,0.9264905666303851,4.133460863604797,False,395
9,3,3.104005742573022,1.2416718268584586,4.966339658287586,3.7246678314291275,True,395
9,9,10.293815226922755,8.567914662936069,12.01971579090944,3.451801127973372,True,395
9,11,8.457539842225081,6.256867773317316,10.658211911132847,4.401344137815531,False,395
9,5,6.230348597458976,4.077435778107178,8.383261416810774,4.305825638703595,True,395
9,10,11.22595930560749,9.293573192734016,13.158345418480963,3.864772225746947,True,395
9,4,5.431127653234942,3.0290613928161525,7.833193913653731,4.8041325208375785,True,395
9,2,3.82772032230753,2.1816472325354193,5.47379341207964,3.292146179544221,False,395
9,6,9.303020886989424,7.427789671761118,11.17825210221773,3.7504624304566123,False,395
9,1,0.46586192707141727,-1.9118886347764423,2.843612488919277,4.755501123695719,True,395
9,3,3.1643573701167873,1.2751159233247626,5.053598816908812,3.778482893584049,True,395
9,8,7.375342350127962,5.542008543369853,9.20867615688607,3.6666676135162177,True,395
9,7,7.002965267133717,4.940109853449681,9.065820680817751,4.12571082736807,True,395
9,12,14.299310033454468,12.00073540901915,16.597884657889786,4.597149248870636,False,395
9,8,5.982478274103997,4.270516810749011,7.694439737458983,3.423922926709972,False,395
9,2,0.7084254917516368,-1.6871933658999931,3.104044349403267,4.79123771530326,True,395
9,1,3.065771404756842,0.790582079475374,5.34096073003831,4.550378650562935,True,395
9,6,7.530054760353135,5.7545170523341715,9.3055924683721,3.5510754160379276,True,395
9,5,4.455302529774383,2.2477280493590786,6.662877010189687,4.415148960830608,True,395
9,10,11.28160300168108,9.340246601454108,13.222959401908053,3.8827128004539446,True,395
9,11,11.51182376373805,9.556355895783927,13.467291631692174,3.9109357359082466,True,395
9,4,6.250411913501482,3.9848137782562447,8.51601004874672,4.531196270490476,True,395
9,9,9.11176439074016,6.700057557043843,11.523471224436475,4.823413667392632,True,395
9,7,8.538448170808874,6.807350290311257,10.26954605130649,3.4621957609952325,True,395
9,3,6.96301786573893,4.992624852919571,8.93341087855829,3.940786025638719,False,395
9,4,4.8971487325712,2.8776622635905764,6.9166352015518235,4.038972937961248,True,395
9,3,3.0739922486922655,1.1396744296908972,5.008310067693634,3.8686356380027362,True,395
9,2,3.083670477831469,1.160034531126462,5.007306424536477,3.847271893410015,True,395
9,1,0.45207871269417266,-1.2184679827009672,2.1226254080893123,3.3410933907902796,True,395
9,9,12.581951558287098,10.395923121149123,14.767979995425074,4.372056874275952,False,395
9,7,7.270106556543972,5.287028021008255,9.25318509207969,3.966157071071435,True,395
9,8,7.59060001966173,5.804037864309573,9.377162175013886,3.573124310704313,True,395
9,11,9.746466492469946,7.454215221596062,12.03871776334383,4.584502541747767,True,395
9,5,6.645830287409657,4.364545838414232,8.927114736405082,4.56256889799085,True,395
9,10,11.30078111924161,9.276858333977248,13.32470390450597,4.047845570528722,True,395
9,6,5.25396844287886,3.383029604704583,7.1249072810531375,3.7418776763485546,True,395
9,11,11.864677017683634,9.717269538885322,14.012084496481947,4.294814957596625,True,395
9,6,3.7371660476807156,1.8746102091579093,5.599721886203522,3.7251116770456125,False,395
9,3,3.2774558626097345,1.4573454073262326,5.097566317893237,3.6402209105670043,True,395
9,1,1.6791345281150418,-0.5435044002623881,3.9017734564924718,4.44527785675486,True,395
9,12,14.560994714338834,12.90016996920598,16.22181945947169,3.3216494902657097,False,395
9,4,2.843771795906966,1.1386302604848062,4.548913331329126,3.4102830708443195,True,395
9,9,7.082471056796513,5.448945483141311,8.715996630451716,3.267051147310405,False,395
9,10,8.656858058612437,6.90436230482144,10.409353812403435,3.5049915075819946,True,395
9,8,5.99514724952762,4.310989382437306,7.679305116617934,3.3683157341806282,False,395
9,7,9.004986036638474,6.56640290926562,11.443569164011329,4.877166254745709,True,395
9,5,7.322958942536054,5.459867626993425,9.186050258078684,3.7261826310852584,False,395
9,2,2.4803248669232434,0.730820704610476,4.229829029236011,3.4990083246255343,True,395
9,3,4.831942418527722,3.0077714645190445,6.6561133725364,3.648341908017356,False,395
9,11,11.200937570870353,8.810931355636683,13.590943786104024,4.780012430467341,True,395
9,10,9.85733252844885,7.805922106906992,11.908742949990708,4.102820843083716,True,395
9,7,6.500443571419358,4.575481641024762,8.425405501813954,3.8499238607891915,True,395
9,6,5.534413512933652,3.1954728661955474,7.873354159671756,4.677881293476208,True,395
9,5,2.678297665536453,0.7287755853095406,4.627819745763366,3.8990441604538257,False,395
9,12,12.396382145411009,10.495685169465444,14.297079121356573,3.8013939518911286,True,395
9,1,0.9394991346789343,-0.8572288386765508,2.736227108034419,3.5934559467109697,True,395
9,9,10.118041086116813,8.182514471454551,12.053567700779075,3.8710532293245237,True,395
9,8,8.140285244657914,6.254504178860136,10.026066310455692,3.771562131595555,True,395
9,2,1.7559444476463624,-0.4233809752223243,3.9352698705150493,4.358650845737373,True,395
9,4,2.693210454988554,0.8294901333865821,4.5569307765905265,3.7274406432039444,True,395
9,6,6.108229855232642,4.010389261644677,8.206070448820608,4.195681187175931,True,395
9,8,9.107355846224243,7.425719623888217,10.788992068560269,3.3632724446720523,True,395
9,7,5.284991513374209,3.5012821398232457,7.068700886925171,3.5674187471019256,True,395
9,3,3.131210630521109,1.1715827394294709,5.090838521612747,3.9192557821832765,True,395
9,5,5.349564427294226,2.958887734612547,7.740241119975904,4.7813533853633565,True,395
9,4,2.9229028245726036,0.9878197082000273,4.85798594094518,3.8701662327451523,True,395
9,2,1.1182155426379996,-1.0503407920186656,3.286771877294665,4.33711266931333,True,395
9,13,13.34591627314932,11.510275274098301,15.18155727220034,3.671281998102039,True,395
9,10,8.299868472561066,6.568463141718855,10.031273803403277,3.462810661684422,True,395
9,12,12.524885572874089,10.849236780408928,14.20053436533925,3.3512975849303217,True,395
9,11,9.6569684395112,7.7803618516974,11.533575027325,3.7532131756276,True,395
9,9,10.594280539549825,8.837944463737141,12.350616615362508,3.5126721516253667,True,395
9,1,4.50674161808245,2.7370971133973248,6.276386122767575,3.5392890093702505,False,395
9,5,3.7088647974472706,1.4616067204202934,5.956122874474248,4.494516154053954,True,395
9,2,2.8013117935620118,1.1604196038128838,4.44220398331114,3.2817843794982564,True,395
9,12,10.909887142676972,8.827829700328328,12.991944585025616,4.1641148846972875,True,395
9,8,9.561431260696684,7.624549696893604,11.498312824499765,3.8737631276061606,True,395
9,4,2.1021123863721773,0.061780686446619715,4.1424440862977345,4.080663399851115,True,395
9,3,3.720880137641569,1.6347363245488822,5.807023950734256,4.172287626185374,True,395
9,9,7.690516549665971,5.8074352463777466,9.573597852954196,3.766162606576449,True,395
9,7,6.689523116352447,4.8213045041624385,8.557741728542455,3.7364372243800164,True,395
9,11,9.45346208727904,7.228472981920426,11.678451192637652,4.4499782107172265,True,395
9,1,2.2335257063436305,-0.10369376198699198,4.5707451746742525,4.674438936661245,True,395
9,10,8.74452946834062,6.959768019519378,10.529290917161862,3.569522897642485,True,395
9,6,6.827946388997741,5.12048471792213,8.535408060073353,3.414923342151223,True,395
9,10,9.483852957606501,7.125047171203391,11.842658744009611,4.71761157280622,True,395
9,7,6.828291442301706,4.915476534892723,8.74110634971069,3.825629814817966,True,395
9,6,6.221633861100193,4.144861505100662,8.298406217099723,4.153544711999061,True,395
9,5,3.857262992511727,1.9365948728724438,5.77793111215101,3.841336239278566,True,395
9,2,2.3155506703113304,0.5851475685256442,4.0459537720970165,3.460806203571372,True,395
9,1,3.2955018465316166,1.1877858875441656,5.403217805519068,4.215431917974902,False,395
9,12,10.83285782125093,8.77739316791045,12.888322474591408,4.1109293066809585,True,395
9,4,5.7577152149107675,3.9644784577291325,7.5509519720924025,3.58647351436327,True,395
9,9,11.247146450231677,9.251325047884723,13.24296785257863,3.9916428046939068,False,395
9,8,6.775767516457934,4.499052248189199,9.05248278472667,4.553430536537472,True,395
9,3,0.8174180923641723,-1.2911887555656514,2.926024940293996,4.217213695859647,False,395
9,11,11.452941350257648,9.746050646025115,13.159832054490181,3.4137814084650664,True,395
9,10,9.178888715849691,7.104799217105175,11.252978214594208,4.148178997489033,True,395
9,6,8.802904828744504,6.6028758531227805,11.002933804366227,4.400057951243447,False,395
9,4,4.052211310749748,1.7789507384442165,6.325471883055281,4.546521144611065,True,395
9,3,1.7967008879472313,-0.3434008210610622,3.9368025969555247,4.280203418016587,True,395
9,11,9.279260733482433,7.526996987546235,11.031524479418632,3.5045274918723974,True,395
9,12,13.634857438636246,11.428776399631854,15.840938477640638,4.412162078008784,True,395
9,5,4.14322403887372,1.9638677761633656,6.322580301584075,4.35871252542071,True,395
9,2,2.0657431991906425,0.41785971647696685,3.7136266819043184,3.295766965427352,True,395
9,1,2.4337041176687215,0.4705415162502633,4.39686671908718,3.926325202836917,True,395
9,8,7.273612472103755,5.374590971076383,9.172633973131127,3.7980430020547438,True,395
9,9,8.93110675688976,6.758205336587293,11.104008177192226,4.345802840604932,True,395
9,7,6.97514738526622,5.17121283404513,8.779081936487309,3.6078691024421783,True,395
9,8,9.024986767274138,6.916017021973092,11.133956512575184,4.217939490602092,True,395
9,9,9.88611650326549,7.514766850348752,12.257466156182225,4.742699305833473,True,395
9,6,5.669829403117757,3.39241827213995,7.947240534095564,4.554822261955614,True,395
9,3,3.0954735922447765,0.7174069949645201,5.473540189525033,4.756133194560513,True,395
9,1,0.4423314827147674,-1.9821723743684418,2.866835339797977,4.849007714166419,True,395
9,13,10.783581389620833,9.146895906237816,12.42026687300385,3.2733709667660342,False,395
9,11,11.386401286097193,9.251489887125926,13.52131268506846,4.269822797942535,True,395
9,5,7.838287641249602,5.874236371473852,9.802338911025352,3.9281025395514995,False,395
9,10,8.674421288963405,6.3464997338306155,11.002342844096194,4.655843110265579,True,395
9,7,5.8404554355959455,4.0074782681605114,7.6734326030313795,3.665954334870868,True,395
9,12,10.693908342534389,8.267350338394717,13.12046634667406,4.853116008279343,True,395
9,4,5.0868876680846835,2.9593293808760732,7.214445955293294,4.255116574417221,True,395
9,2,2.6727281812946604,0.3987887358803919,4.946667626708929,4.547878890828537,True,395
9,9,8.762193461375315,7.064515425377581,10.459871497373049,3.395356071995468,True,395
9,7,5.622971407541552,3.8456366893478355,7.400306125735269,3.5546694363874334,True,395
9,2,2.1385651874598866,-0.10677540238995542,4.383905777309728,4.490681179699683,True,395
9,1,-1.3469331910037066,-2.9928302199437162,0.2989638379363031,3.2917940578800193,False,395
9,4,4.21513985028624,1.9222011697687011,6.508078530803779,4.585877361035077,True,395
9,10,11.307286579131901,9.667932077916685,12.946641080347117,3.278709002430432,True,395
9,6,4.123201295049483,1.9603065600536067,6.2860960300453605,4.325789469991754,True,395
9,11,8.701222584755504,6.776036133686814,10.626409035824194,3.85037290213738,False,395
9,3,5.369156837542289,3.243400027428861,7.494913647655718,4.2515136202268575,False,395
9,12,11.082360540743123,8.887790975453985,13.27693010603226,4.389139130578275,True,395
9,8,9.703921768915732,7.797146940498081,11.610696597333384,3.8135496568353027,True,395
9,5,4.769003502203253,3.0531220694410326,6.484884934965473,3.4317628655244405,True,395
9,10,9.757067774588009,8.07237603824092,11.441759510935098,3.369383472694178,True,395
9,6,6.657619049244968,4.550225126879053,8.765012971610883,4.21478784473183,True,395
9,4,2.674001714880339,0.6221882569407722,4.725815172819906,4.103626915879134,True,395
9,12,12.198745715243469,9.966594093818866,14.430897336668071,4.464303242849205,True,395
9,3,2.4277658777638607,0.38484117262065576,4.470690582907066,4.085849410286411,True,395
9,13,11.019259834892452,9.047388961807316,12.991130707977588,3.9437417461702715,False,395
9,7,7.506223112089598,5.554180149005306,9.45826607517389,3.904085926168584,True,395
9,5,4.605038289683126,2.955510510968624,6.254566068397628,3.2990555574290035,True,395
9,2,1.7644627573329383,-0.13668080484814094,3.6656063195140174,3.8022871243621585,True,395
9,8,6.184758584878763,3.7622781766538247,8.607238993103701,4.844960816449877,True,395
9,1,3.387100551644206,1.048026312595356,5.726174790693056,4.6781484780977,False,395
9,11,12.315071279579174,10.41895753301332,14.211185026145028,3.7922274931317084,True,395
9,9,10.446233826257968,8.33976836653394,12.552699285981996,4.2129309194480555,True,395
9,11,10.541832946337477,8.224133395471585,12.85953249720337,4.635399101731785,True,395
9,8,5.40622566574487,3.4190283556303136,7.393422975859426,3.9743946202291127,False,395
9,6,8.929376073734266,7.286758372641643,10.57199377482689,3.285235402185247,False,395
9,9,8.908353737991197,7.219702222070824,10.59700525391157,3.3773030318407464,True,395
9,7,5.876800305969919,3.8333406307920717,7.920259981147766,4.086919350355695,True,395
9,5,5.6252023617246705,3.208078709924505,8.042326013524836,4.83424730360033,True,395
9,2,3.7506811820049464,1.5584086146387874,5.942953749371105,4.384545134732317,True,395
9,12,11.9654241658718,10.279698386040804,13.651149945702796,3.371451559661992,True,395
9,1,2.9178627519090616,1.135722999014485,4.7000025048036385,3.5642795057891536,False,395
9,3,4.624499907775302,2.368642869196786,6.880356946353818,4.511714077157032,True,395
9,4,2.3854282188969123,0.07249625429252848,4.698360183501296,4.6258639292087675,True,395
9,10,8.989314841510785,6.858511448353272,11.120118234668297,4.261606786315025,True,395
9,13,14.43630574491965,12.283745284840979,16.58886620499832,4.305120920157343,True,395
9,8,3.9310811542843433,2.2800144696722677,5.582147838896419,3.3021333692241512,False,395
9,6,5.775816460252517,3.4733928289531684,8.078240091551866,4.604847262598698,True,395
9,7,4.853753197562993,2.5840971781119375,7.123409217014048,4.539312038902111,True,395
9,3,2.285169297849713,0.4463146905495883,4.124023905149838,3.6777092146002497,True,395
9,1,0.5517698664561937,-1.6530929835957293,2.7566327165081166,4.409725700103846,True,395
9,9,8.462633433138738,6.659741783508789,10.265525082768686,3.6057832992598975,True,395
9,12,11.171608121831087,9.510779370735154,12.832436872927019,3.321657502191865,True,395
9,2,0.3542845255567788,-1.4374406201117884,2.146009671225346,3.583450291337134,True,395
9,11,14.437866900228029,12.664462994550028,16.21127080590603,3.5468078113560004,False,395
9,10,12.801193006242027,10.898266136899862,14.704119875584192,3.8058537386843305,False,395
9,4,2.2569012696155752,0.2882833789147521,4.225519160316399,3.9372357814016468,True,395
9,5,7.373175126955351,5.331224469276217,9.415125784634485,4.083901315358268,False,395
9,11,10.400801764290721,8.38472410962694,12.416879418954501,4.03215530932756,True,395
9,10,10.193781209997566,8.34545208074182,12.04211033925331,3.6966582585114907,True,395
9,8,7.905089060154626,6.253344135935329,9.556833984373924,3.303489848438595,True,395
9,7,6.010377038119051,3.8898243176180105,8.130929758620091,4.24110544100208,True,395
9,5,6.47577851540922,4.525642223913474,8.425914806904967,3.9002725829914926,True,395
9,4,4.1888297958649865,2.317710659751521,6.059948931978452,3.742238272226931,True,395
9,2,1.285172865171138,-1.0485171436928988,3.618862874035175,4.667380017728074,True,395
9,1,-0.9568841657007088,-3.192733218248411,1.2789648868469934,4.471698105095404,True,395
9,12,10.65960747942132,8.333386323046152,12.985828635796487,4.652442312750335,True,395
9,9,6.537929826596855,4.507013831700911,8.568845821492799,4.061831989791887,False,395
9,3,3.0183353226227543,1.2837572833915571,4.752913361853952,3.4691560784623947,True,395
9,6,4.205001611573406,2.0102773625706907,6.3997258605761225,4.389448498005432,True,395
9,10,9.601659231222188,7.805915174353327,11.397403288091049,3.5914881137377215,True,395
9,3,5.055152780415556,3.067991829774898,7.042313731056214,3.974321901281316,False,395
9,1,2.7989493593823784,1.1180387171779829,4.479860001586774,3.3618212844087907,False,395
9,11,10.951584658846073,8.651783619273765,13.251385698418382,4.599602079144617,True,395
9,8,7.869372910785275,6.1388572289726095,9.59988859259794,3.461031363625331,True,395
9,6,8.819811824131513,6.456690453393374,11.182933194869651,4.726242741476277,False,395
9,5,5.781134180538067,3.449650470297159,8.112617890778974,4.662967420481815,True,395
9,13,12.508290310185215,10.502119939931669,14.514460680438761,4.012340740507092,True,395
9,2,-0.13902717568067802,-2.372942893984127,2.094888542622771,4.467831436606898,True,395
9,12,12.590809827247115,10.458581537159139,14.723038117335092,4.264456580175953,True,395
9,9,10.243985658874294,7.96228208601137,12.525689231737218,4.563407145725848,True,395
9,4,3.052522713229534,1.073033361189801,5.032012065269266,3.958978704079465,True,395
9,7,7.436804132707048,5.169156026532147,9.704452238881949,4.5352962123498015,True,395
9,5,4.454640057627456,2.4502002085364256,6.459079906718486,4.00887969818206,True,395
9,3,2.723951401201496,0.3300052498974617,5.11789755250553,4.787892302608069,True,395
9,11,7.268266913656503,5.244360023584832,9.292173803728174,4.047813780143342,False,395
9,8,7.667327894425797,5.662755807071741,9.671899981779852,4.009144174708111,True,395
9,2,3.4540539536120813,1.1870054582993812,5.721102448924782,4.5340969906254,True,395
9,12,11.052896166650163,8.75613192555684,13.349660407743485,4.593528482186645,True,395
9,9,9.078789552322974,6.999435413265541,11.158143691380406,4.158708278114865,True,395
9,7,5.866073939962119,4.091718519777127,7.6404293601471105,3.548710840369983,True,395
9,13,13.540662514439159,11.531907314439689,15.54941771443863,4.01751039999894,True,395
9,1,0.6752152036957396,-1.7407958136727388,3.091226221064218,4.832022034736957,True,395
9,10,8.591137688976989,6.350206927843092,10.832068450110885,4.481861522267793,True,395
9,4,5.998827201497692,3.710540841940078,8.287113561055305,4.576572719115227,True,395
9,6,7.3933980202983225,5.738678064259461,9.048117976337185,3.309439912077724,True,395
9,7,6.092639854107738,4.083802251523531,8.101477456691944,4.017675205168413,True,395
9,5,5.746682464126666,3.5923328613294156,7.901032066923916,4.3086992055945,True,395
9,2,2.806118004230571,0.5024713997573178,5.109764608703824,4.607293208946507,True,395
9,11,11.963451852516764,10.295343098500387,13.63156060653314,3.336217508032753,True,395
9,10,7.458616156007383,5.136730903094898,9.780501408919868,4.643770505824969,False,395
9,9,10.509909811548942,8.435511449041027,12.584308174056858,4.148796725015831,True,395
9,6,5.145451555611403,3.3568379835624897,6.934065127660316,3.577227144097826,True,395
9,12,11.4632580998381,9.577012353648044,13.349503846028156,3.7724914923801123,True,395
9,4,7.9568226283903005,6.09933197326453,9.814313283516071,3.7149813102515417,False,395
9,3,3.4528100710815175,1.3926908171706982,5.512929324992337,4.120238507821639,True,395
9,8,7.420516286829237,5.750444143381575,9.090588430276899,3.340144286895324,True,395
9,1,-2.307941559133859,-4.064989992152796,-0.550893126114921,3.514096866037875,False,395
9,13,15.084646200919533,12.795114063611646,17.37417833822742,4.579064274615774,True,395
9,12,9.982185493787096,8.24624584531919,11.718125142255001,3.4718792969358105,False,395
9,8,6.494841644750744,4.676857081411828,8.31282620808966,3.635969126677832,True,395
9,5,4.502971551368226,2.5059278784064416,6.500015224330011,3.9940873459235693,True,395
9,4,6.124617687550439,4.075681284626187,8.17355409047469,4.097872805848503,False,395
9,15,16.15985997999864,13.910281049592713,18.409438910404564,4.4991578608118505,True,395
9,11,10.76324373523961,8.771115139933334,12.755372330545887,3.984257190612553,True,395
9,6,6.462438095458231,4.191488293935302,8.73338789698116,4.541899603045858,True,395
9,2,1.0994214606933412,-1.031912433241661,3.2307553546283434,4.262667787870004,True,395
9,7,7.209480534348026,5.489417346457035,8.929543722239018,3.4401263757819827,True,395
9,3,3.110005117167205,1.354751326315434,4.865258908018976,3.5105075817035423,True,395
9,1,2.45315484352203,0.4694093910059163,4.436900296038144,3.9674909050322276,True,395
9,14,15.450767183658424,13.499699217683945,17.401835149632902,3.9021359319489566,True,395
9,10,10.740966073308467,8.507721037823709,12.974211108793225,4.466490070969517,True,395
9,9,8.456478663680846,6.355758631885802,10.55719869547589,4.201440063590088,True,395
9,15,16.11273344158519,14.168793113649357,18.05667376952102,3.887880655871662,True,395
9,13,12.86204730069543,11.095048429966816,14.629046171424044,3.5339977414572274,True,395
9,6,4.377128446930301,2.5644830456373473,6.189773848223254,3.6252908025859067,True,395
9,12,11.395068312133592,9.298610483099777,13.491526141167407,4.19291565806763,True,395
9,9,9.126790475676486,7.154111288488055,11.099469662864918,3.9453583743768625,True,395
9,5,6.365323675497118,4.318172683284531,8.412474667709706,4.094301984425175,True,395
9,1,0.7247077417642704,-1.042223690571748,2.491639174100289,3.533862864672037,True,395
9,3,1.1862019331405909,-0.9814037562678857,3.353807622549067,4.335211378816953,True,395
9,11,11.08511252494523,8.763145989888471,13.407079060001987,4.6439330701135155,True,395
9,7,7.170184060084829,5.332221301560291,9.008146818609365,3.675925517049074,True,395
9,8,8.27875644335413,6.250663863527023,10.306849023181236,4.056185159654214,True,395
9,2,3.3798072739316454,0.9577280281086313,5.801886519754659,4.844158491646028,True,395
9,14,15.528384860134848,13.629126083326556,17.42764363694314,3.798517553616586,True,395
9,10,9.1086836914275,6.996315966659558,11.22105141619544,4.224735449535882,True,395
9,4,3.075784812926585,1.3743655129635857,4.777204112889584,3.4028385999259987,True,395
9,16,14.439701933566791,12.318405721548524,16.56099814558506,4.242592424036536,True,395
9,14,15.048223505420715,13.347263241950756,16.749183768890674,3.401920526939918,True,395
9,12,14.173230162506574,11.764412518152982,16.582047806860164,4.817635288707182,True,395
9,11,10.527377108136616,8.316827709349754,12.737926506923477,4.421098797573723,True,395
9,6,5.63785415291251,3.368292085370045,7.907416220454975,4.539124135084929,True,395
9,5,7.200173835348464,4.999032885680351,9.401314785016577,4.402281899336226,True,395
9,3,3.7583367798225114,1.650297344456268,5.866376215188755,4.2160788707324865,True,395
9,13,13.654353557201583,11.660124553397981,15.648582561005185,3.9884580076072034,True,395
9,10,8.21362524103941,5.8869093099139045,10.540341172164915,4.6534318622510105,True,395
9,9,10.018092103919129,7.611227870539075,12.424956337299182,4.813728466760107,True,395
9,8,6.606295489235363,4.57208004449144,8.640510933979286,4.068430889487846,True,395
9,1,-0.7010302789024372,-3.0872998089148203,1.685239251109946,4.772539060024767,True,395
9,15,14.479842634849932,12.377009646119278,16.582675623580585,4.205665977461306,True,395
9,7,6.121310914826965,4.055066186693268,8.18755564296066,4.132489456267392,True,395
9,4,3.667600458422441,1.6696515137967805,5.665549403048102,3.9958978892513217,True,395
9,2,-0.161472451787378,-1.959832689672896,1.63688778609814,3.596720475771036,False,395
9,13,14.438224459701509,12.807196655795607,16.06925226360741,3.262055607811803,True,395
9,10,11.691529441774644,9.866943373113811,13.516115510435478,3.649172137321667,True,395
9,7,4.078986288788778,2.036071627103476,6.12190095047408,4.085829323370604,False,395
9,5,6.4676867084998255,4.530399307360387,8.404974109639264,3.874574802278877,True,395
9,1,-0.21579294473243937,-2.2088599203265833,1.7772740308617048,3.986133951188288,True,395
9,11,12.28546330547418,9.859215654749043,14.711710956199315,4.852495301450272,True,395
9,14,13.897330261000377,11.984208551275543,15.810451970725211,3.8262434194496677,True,395
9,12,12.043163346121498,10.04708643348237,14.039240258760625,3.9921538252782547,True,395
9,2,1.722353525868172,-0.014328132933023596,3.4590351846693674,3.473363317602391,True,395
9,8,9.81819380635023,8.151156212146521,11.485231400553939,3.334075188407418,False,395
9,6,4.140617981212458,1.8814346363341667,6.399801326090749,4.518366689756583,True,395
9,9,9.911760508102512,7.819224403593921,12.004296612611103,4.185072209017182,True,395
9,4,5.651995247334326,3.4047815352145947,7.899208959454057,4.494427424239463,True,395
9,3,4.074510120810616,2.3245218025169625,5.82449843910427,3.499976636587307,True,395
9,12,15.487048371485127,13.393579751742417,17.58051699122784,4.186937239485422,False,395
9,10,9.206579855912953,7.372114881799073,11.041044830026832,3.6689299482277598,True,395
9,10,11.435957233890298,9.622314914933682,13.249599552846913,3.627284637913231,True,395
9,3,2.8408640469878694,1.2034818715487392,4.478246222427,3.274764350878261,True,395
9,6,7.850109114529005,6.11601176554378,9.58420646351423,3.46819469797045,False,395
9,5,4.988466506417946,3.108722263657193,6.868210749178698,3.759488485521505,True,395
9,4,3.418186327206296,1.695047016085271,5.14132563832732,3.446278622242049,True,395
9,2,3.9591083058074434,1.5286195353129401,6.389597076301946,4.860977540989007,True,395
9,12,11.262657091471604,9.383430115573109,13.1418840673701,3.758453951796991,True,395
9,9,6.880911361649166,5.14682766903347,8.614995054264861,3.468167385231391,False,395
9,8,7.224729675239257,5.434676672597299,9.014782677881215,3.5801060052839153,True,395
9,7,7.928549419882799,5.822158992012837,10.03493984775276,4.212780855739923,True,395
9,1,3.088058127380637,1.4079266989546988,4.768189555806575,3.3602628568518766,False,395
9,13,13.166694062944767,10.836672681009865,15.49671544487967,4.660042763869804,True,395
9,8,9.977295600851038,7.566634861952,12.387956339750076,4.821321477798076,True,395
9,5,2.96273761778361,1.1338852173603615,4.791590018206858,3.657704800846496,False,395
9,13,12.335104802773145,10.340727254140186,14.329482351406105,3.988755097265919,True,395
9,3,2.567137324268848,0.921119881130837,4.213154767406859,3.2920348862760225,True,395
9,7,6.828160858791221,4.678622735863263,8.977698981719179,4.299076245855916,True,395
9,1,1.1261415823752947,-0.8387942288795129,3.091077393630102,3.929871622509615,True,395
9,11,12.03636643608829,10.188538844681624,13.884194027494956,3.695655182813333,True,395
9,12,11.332789742744264,9.536424334702344,13.129155150786184,3.59273081608384,True,395
9,10,10.208543030429688,8.048168245215457,12.368917815643918,4.320749570428461,True,395
9,2,1.9323156645139226,-0.03448499874638178,3.8991163277742267,3.9336013265206082,True,395
9,9,7.611165144163275,5.836922482892926,9.385407805433623,3.5484853225406967,True,395
9,6,5.829499966377847,3.6405651740475724,8.018434758708121,4.377869584660549,True,395
9,4,3.784510705154323,1.696541866762454,5.872479543546191,4.175937676783738,True,395
10,9,8.75237915249543,6.796139246660127,10.708619058330735,3.9124798116706074,True,369
10,8,8.988403032280527,6.618271275167153,11.3585347893939,4.740263514226747,True,369
10,4,5.6272416102341625,3.3589266491673198,7.895556571301006,4.536629922133686,True,369
10,3,3.5200464427524953,1.2220720229001292,5.818020862604861,4.595948839704732,True,369
10,2,0.9723260305359045,-1.3030859087745335,3.2477379698463427,4.550823878620876,True,369
10,1,1.9775666148953688,0.02864603352901085,3.9264871962617267,3.897841162732716,True,369
10,10,9.871587926607818,8.10087135232307,11.642304500892566,3.541433148569496,True,369
10,7,7.565550756742019,5.649103431540775,9.481998081943264,3.832894650402489,True,369
10,6,4.580955260473559,2.1928163239840743,6.969094196963043,4.776277872978969,True,369
10,5,5.699668701259709,3.186138328462652,8.213199074056766,5.027060745594113,True,369
10,11,10.819237704851155,8.71609338908577,12.922382020616539,4.206288631530768,True,369
10,6,6.346886620776125,4.652039321457693,8.041733920094558,3.389694598636865,True,369
10,4,3.8723902377623016,2.067619112862435,5.677161362662169,3.6095422497997336,True,369
10,8,7.584195326987476,5.625907375137425,9.542483278837526,3.9165759037001013,True,369
10,3,3.727036169427613,1.552429192114225,5.901643146741001,4.349213954626776,True,369
10,1,0.39086330666265434,-1.3591323346331605,2.140858947958469,3.4999912825916297,True,369
10,10,7.6169678044336155,5.134736482521616,10.099199126345615,4.964462643824,True,369
10,11,8.189044886476331,6.194490988673154,10.183598784279509,3.9891077956063548,False,369
10,7,7.276624854140467,4.820345497023865,9.732904211257068,4.912558714233203,True,369
10,5,4.329173277906716,1.9842665575816283,6.674079998231804,4.689813440650175,True,369
10,2,-0.5936487661480756,-2.917400865969549,1.730103333673398,4.647504199642947,False,369
10,9,9.15980245058067,6.961468938297655,11.358135962863686,4.396667024566032,True,369
10,5,4.859188167539961,2.6439338151595724,7.07444251992035,4.430508704760777,True,369
10,6,5.250579610165901,3.0258635484668654,7.475295671864936,4.44943212339807,True,369
10,7,7.370213977271279,5.153325607546371,9.587102346996186,4.433776739449815,True,369
10,4,5.972641015161706,3.818996873349088,8.126285156974324,4.307288283625237,True,369
10,9,10.926886078027708,8.408343589107139,13.445428566948278,5.03708497784114,True,369
10,12,12.215646964662877,9.911415252800541,14.519878676525213,4.608463423724672,True,369
10,11,10.87293435070572,8.531042896494693,13.214825804916746,4.683782908422053,True,369
10,1,1.2366028114175214,-1.185840829303044,3.659046452138087,4.844887281441131,True,369
10,2,2.4635103991615224,0.5949875325960561,4.332033265726989,3.737045733130933,True,369
10,10,9.597552734412917,7.840211226909415,11.354894241916417,3.5146830150070025,True,369
10,3,3.2618145899296533,1.1679069483981688,5.355722231461138,4.187815283062969,True,369
10,8,5.639555643437304,3.519347590131717,7.7597636967428905,4.240416106611173,False,369
10,3,3.1220233250201463,0.7360800239290493,5.507966626111243,4.771886602182194,True,369
10,10,10.715220392536907,8.654296240675471,12.776144544398342,4.121848303722871,True,369
10,8,7.265237086990391,5.09715103544802,9.433323138532762,4.336172103084742,True,369
10,7,6.856791033570852,4.725627875424502,8.987954191717202,4.2623263162927,True,369
10,6,4.332741928948314,2.613857581312914,6.051626276583715,3.4377686952708006,True,369
10,4,2.1245296255610295,-0.08096827056903466,4.330027521691093,4.4109957922601275,True,369
10,2,2.3162226169387865,-0.06876055406416626,4.701205787941739,4.7699663420059055,True,369
10,1,-0.0943445236064242,-1.9138366524836854,1.725147605270837,3.6389842577545224,True,369
10,11,8.334761507635964,6.146875078691201,10.522647936580727,4.375772857889526,False,369
10,12,10.332332551298336,8.14505432548186,12.519610777114812,4.374556451632952,True,369
10,9,7.550431359311896,5.725302039624367,9.375560678999426,3.6502586393750587,True,369
10,5,6.161870746597613,4.371083132751359,7.952658360443866,3.5815752276925075,True,369
10,12,12.268671017052702,9.755493878475866,14.781848155629538,5.026354277153672,True,369
10,7,5.69259670276405,3.6738935363566547,7.7112998691714445,4.03740633281479,True,369
10,6,5.11835114254326,3.2398921513197507,6.99681013376677,3.7569179824470194,True,369
10,4,5.968126624160839,4.13697625833765,7.799276989984029,3.662300731646379,False,369
10,10,11.404153652795426,9.154476207673564,13.653831097917287,4.499354890243723,True,369
10,5,3.3229093580272577,1.1222771572812524,5.523541558773263,4.401264401492011,True,369
10,2,3.7452887894394893,1.5158931657201005,5.974684413158878,4.458791247438777,True,369
10,13,12.879056787325284,11.11817170412396,14.63994187052661,3.52177016640265,True,369
10,8,9.199417439084366,6.7592032736673495,11.639631604501382,4.880428330834032,True,369
10,3,2.7550380674977397,0.7400900728554425,4.7699860621400365,4.029895989284594,True,369
10,11,12.778743798113263,10.827802265356995,14.72968533086953,3.9018830655125356,True,369
10,9,7.260569082690302,5.183977595511375,9.33716056986923,4.153182974357855,True,369
10,1,0.6168243529277262,-1.3987980291861069,2.632446735041559,4.031244764227666,True,369
10,2,3.8246896668486756,1.4097397275346624,6.239639606162688,4.8298998786280265,True,369
10,12,8.411087777704106,5.940744355287217,10.881431200120995,4.9406868448337775,False,369
10,9,8.930907893813302,6.9883290146074675,10.873486773019136,3.885157758411669,True,369
10,7,6.409680520190219,3.9944279892323236,8.824933051148115,4.830505061915791,True,369
10,4,5.026991845815617,2.6812406732427307,7.372743018388504,4.691502345145773,True,369
10,1,2.6048701531164578,0.13322234943904165,5.076517956793873,4.943295607354832,True,369
10,10,11.095425728960446,9.201509632350348,12.989341825570545,3.787832193220197,True,369
10,13,13.361500380095869,11.18826483016051,15.534735930031228,4.346471099870719,True,369
10,6,6.0608468221430405,4.142647555678598,7.9790460886074825,3.836398532928884,True,369
10,5,4.485934067780153,2.1042810474716647,6.8675870880886425,4.763306040616978,True,369
10,8,8.314958932286947,6.623802198238683,10.006115666335212,3.3823134680965294,True,369
10,11,13.189482244378265,11.026484750344071,15.352479738412459,4.325994988068388,False,369
10,3,1.754231552583688,-0.21849667445562937,3.726959779623005,3.9454564540786343,True,369
10,16,15.39687778731389,13.438081194344928,17.355674380282853,3.9175931859379247,True,369
10,12,11.88673504114979,9.656197374690375,14.117272707609203,4.461075332918828,True,369
10,9,10.501399018793503,8.096647133205368,12.906150904381638,4.809503771176271,True,369
10,6,6.334953509328308,4.134532062586603,8.535374956070013,4.400842893483411,True,369
10,11,12.475222843317786,10.06904696465905,14.881398721976522,4.812351757317472,True,369
10,10,11.5511649857554,9.641354754735731,13.46097521677507,3.819620462039339,True,369
10,8,8.88805523872997,6.763275341211504,11.012835136248437,4.249559795036934,True,369
10,7,5.40400957515167,3.337390427205102,7.470628723098237,4.133238295893134,True,369
10,4,6.4916408678450725,4.795153669264128,8.188128066426017,3.3929743971618898,False,369
10,14,16.11857100663905,13.962326099257027,18.274815914021076,4.312489814764049,True,369
10,13,13.095310075753504,10.850757895723563,15.339862255783446,4.4891043600598834,True,369
10,15,12.927344636274668,10.741496821881253,15.113192450668084,4.371695628786831,True,369
10,5,2.659252763188465,0.3516567152144461,4.966848811162484,4.6151920959480375,False,369
10,2,2.3814734398305655,0.21297710416847027,4.549969775492661,4.336992671324191,True,369
10,1,-0.05262566319617901,-1.7955850447869843,1.6903337183946263,3.4859187631816106,True,369
10,3,0.4242162999594319,-1.3606527586853414,2.209085358604205,3.569738117289546,False,369
10,9,6.630951450955497,4.441257890560097,8.820645011350898,4.379387120790801,False,369
10,11,10.295026140004987,8.376460354773883,12.213591925236091,3.8371315704622084,True,369
10,5,5.292394360716467,3.5385603018971477,7.046228419535787,3.507668117638639,True,369
10,10,12.10856957652374,10.059604596215465,14.157534556832015,4.0979299606165505,False,369
10,4,4.726331161520263,2.5721857704697135,6.880476552570812,4.308290782101098,True,369
10,2,1.4278932042928782,-0.5360159125486232,3.3918023211343797,3.927818233683003,True,369
10,6,6.569924336509199,4.275691914298792,8.864156758719606,4.588464844420813,True,369
10,1,1.4358513783829867,-0.7937285011157296,3.665431257881703,4.4591597589974326,True,369
10,3,4.109317810793909,2.1419743262732656,6.076661295314553,3.9346869690412873,True,369
10,8,7.940086829624204,5.616810996911318,10.26336266233709,4.646551665425773,True,369
10,7,8.554296626518166,6.320563807315306,10.788029445721026,4.46746563840572,True,369
10,12,13.236677700341227,11.012432097622463,15.46092330305999,4.448491205437527,True,369
10,8,8.124050005457855,5.970659311127427,10.277440699788283,4.3067813886608555,True,369
10,2,1.8211634656011435,0.1248915121797971,3.51743541902249,3.392543906842693,True,369
10,1,2.3796227184856398,0.10556832708679664,4.653677109884483,4.548108782797686,True,369
10,6,4.929788522839442,2.9259932790040537,6.933583766674831,4.007590487670777,True,369
10,5,2.740080756284909,0.25847990071777627,5.221681611852042,4.963201711134266,True,369
10,10,7.731553012474007,5.355052522198896,10.108053502749117,4.753000980550221,True,369
10,11,9.805438287365737,7.623149284727663,11.98772729000381,4.364578005276147,True,369
10,4,4.989478448165874,3.090138310164957,6.888818586166792,3.798680276001835,True,369
10,9,8.365801718085205,6.5073333830877065,10.224270053082703,3.716936669994997,True,369
10,7,7.306774004216839,5.33304945777544,9.280498550658239,3.947449092882799,True,369
10,3,2.2570558936783964,0.16848359459258067,4.345628192764212,4.1771445981716315,True,369
10,4,3.268963951024051,1.3326153708912056,5.205312531156896,3.872697160265691,True,369
10,3,1.4618044882332697,-0.6591193862143907,3.58272836268093,4.241847748895321,True,369
10,2,1.8621565618764677,0.036027503027014074,3.6882856207259214,3.6522581176989073,True,369
10,1,0.7372543963315648,-1.7739500758179398,3.2484588684810696,5.022408944299009,True,369
10,9,9.618997534772733,7.841314493418921,11.396680576126546,3.555366082707624,True,369
10,7,7.431546410517576,4.958940186075722,9.90415263495943,4.945212448883709,True,369
10,8,7.704278928562381,5.247161472279442,10.16139638484532,4.9142349125658775,True,369
10,11,8.740866732409737,6.611146059408627,10.870587405410847,4.25944134600222,False,369
10,5,6.605869201367417,4.307861538785653,8.903876863949181,4.596015325163528,True,369
10,10,9.872433491442965,7.81803276015275,11.92683422273318,4.1088014625804306,True,369
10,6,6.119464034840846,3.901468207780056,8.337459861901635,4.43599165412158,True,369
10,11,13.400742598716587,11.426856891491443,15.37462830594173,3.947771414450287,False,369
10,6,7.362333189893926,5.4216890832082,9.302977296579652,3.8812882133714517,True,369
10,3,3.6696737982250958,1.495366678555473,5.843980917894719,4.348614239339246,True,369
10,1,0.9965413189437619,-1.1102147062847285,3.103297344172252,4.2135120504569805,True,369
10,12,11.98253167674877,9.807122672098952,14.157940681398589,4.350818009299637,True,369
10,4,4.360171746582793,2.4317546563640704,6.288588836801516,3.8568341804374455,True,369
10,9,9.610360088784947,7.614225650619281,11.606494526950613,3.992268876331331,True,369
10,10,12.567102633676202,10.809682020212488,14.324523247139915,3.5148412269274267,False,369
10,8,11.709899124144217,9.979146050194656,13.440652198093778,3.4615061478991223,False,369
10,7,7.435391208105324,5.534975695414413,9.335806720796235,3.8008310253818216,True,369
10,5,1.770085891934551,0.02080437389912415,3.519367409969978,3.4985630360708537,False,369
10,2,0.57238329006242,-1.201800047552878,2.346566627677718,3.548366675230596,True,369
10,3,5.717245322807651,3.3450090342587644,8.089481611356538,4.744472577097774,False,369
10,11,12.07797894238362,10.358528791232878,13.797429093534362,3.4389003023014837,True,369
10,10,10.639069730867494,8.396694641315861,12.881444820419127,4.484750179103266,True,369
10,7,6.749743132892859,4.833219431391871,8.666266834393847,3.8330474030019754,True,369
10,6,4.216466911161024,1.794796720430504,6.638137101891543,4.843340381461038,True,369
10,5,7.5166846321182526,5.4210078054578945,9.612361458778611,4.191353653320717,False,369
10,12,10.765184622788867,8.820815142089067,12.709554103488667,3.8887389613996,True,369
10,1,2.0939677248074178,-0.029241110957338723,4.217176560572174,4.246417671529512,True,369
10,9,7.048947345368784,5.0401627493072745,9.057731941430294,4.01756919212302,True,369
10,8,7.676976972757585,5.514416408219362,9.839537537295808,4.325121129076446,True,369
10,2,3.489435695679446,1.706179643390892,5.2726917479679996,3.5665121045771073,True,369
10,4,3.625458741299809,1.0979967505945578,6.152920732005061,5.054923981410504,True,369
10,6,5.447325186950959,3.401773063426727,7.4928773104751905,4.091104247048463,True,369
10,8,8.015954402523022,6.035613229703141,9.996295575342902,3.9606823456397615,True,369
10,7,4.995995661347608,2.710385355934225,7.281605966760992,4.571220610826767,True,369
10,3,0.7137796394309772,-1.2797755267134199,2.7073348055753743,3.987110332288794,False,369
10,5,6.0713547240408925,3.6819600601333065,8.460749387948479,4.778789327815172,True,369
10,4,3.3666851115733003,1.2969168006960086,5.436453422450592,4.1395366217545835,True,369
10,2,3.0597271408721847,0.7662328790183346,5.353221402726035,4.586988523707701,True,369
10,13,14.677274525726062,12.89998897986007,16.454560071592052,3.5545710917319813,True,369
10,10,11.797963913493195,9.39773673367505,14.19819109331134,4.800454359636291,True,369
10,12,9.568487573135492,7.261365404285952,11.875609741985032,4.6142443376990805,False,369
10,11,9.953256067619153,8.088041584449561,11.818470550788744,3.7304289663391828,True,369
10,9,9.806377960565708,7.997186759013428,11.615569162117989,3.618382403104561,True,369
10,1,1.829502507855478,-0.12390403956979856,3.7829090552807547,3.9068130948505533,True,369
10,5,8.374156376294437,5.864336848740864,10.88397590384801,5.019639055107145,False,369
10,2,0.6385797001503777,-1.2646815944011751,2.5418409947019303,3.806522589103105,True,369
10,12,13.752252602181146,11.680918655969485,15.823586548392807,4.142667892423322,True,369
10,8,8.55841191505781,6.846428191369523,10.270395638746098,3.423967447376575,True,369
10,4,1.5396462000047952,-0.4820156832627278,3.5613080832723183,4.043323766535046,False,369
10,3,2.1782771449101075,0.009797265228190799,4.346757024592025,4.336959759363834,True,369
10,9,9.393792018484987,6.903323595269937,11.884260441700038,4.980936846430101,True,369
10,7,4.443449937555601,2.321002539656147,6.565897335455055,4.244894795798908,False,369
10,11,7.889140992542531,5.511693814132681,10.266588170952382,4.754894356819701,False,369
10,1,-1.641863867954965,-3.789941513188071,0.5062137772781408,4.296155290466212,False,369
10,10,10.388700482626508,8.66763845462922,12.109762510623796,3.442124055994576,True,369
10,6,5.27299911189984,3.3206754664897975,7.225322757309883,3.904647290820085,True,369
10,10,9.070066454029572,6.898019702425342,11.242113205633803,4.3440935032084615,True,369
10,7,6.121567247251408,3.6332330026494937,8.609901491853323,4.9766684892038295,True,369
10,6,3.863816382513093,1.4526164457895532,6.275016319236633,4.822399873447079,True,369
10,5,4.315395225739839,2.4361486577823444,6.1946417936973335,3.758493135914989,True,369
10,2,-0.7305970721077535,-2.6028896954239147,1.1416955512084077,3.7445852466323224,False,369
10,1,2.7814617090383598,0.92513917343897,4.63778424463775,3.71264507119878,True,369
10,12,14.538494581015826,12.073853845134048,17.003135316897605,4.929281471763558,False,369
10,4,0.5109044299162422,-1.8948440258662087,2.916652885698693,4.811496911564902,False,369
10,9,8.296305511013868,5.956153816480548,10.636457205547188,4.680303389066641,True,369
10,8,7.393982854047803,5.376109574385371,9.411856133710236,4.035746559324865,True,369
10,3,2.7382732400744625,0.6262455127825022,4.850300967366422,4.224055454583921,True,369
10,11,12.5022956365616,10.424042531784355,14.580548741338845,4.15650620955449,True,369
10,10,9.300683826709104,7.400318089334033,11.201049564084174,3.8007314747501413,True,369
10,6,5.8676228059030695,3.755049153650943,7.980196458155196,4.225147304504253,True,369
10,4,8.468582445702083,6.756197023679594,10.180967867724572,3.4247708440449784,False,369
10,3,2.8330606385920394,1.035233890275849,4.630887386908229,3.5956534966323805,True,369
10,11,13.64935979044911,11.215002564346632,16.08371701655159,4.868714452204957,False,369
10,12,12.75298148608325,10.43239821588675,15.073564756279751,4.641166540393002,True,369
10,5,4.169436510386226,2.1261508187463956,6.212722202026056,4.08657138327966,True,369
10,2,0.918899019236854,-1.2038977862892155,3.0416958247629236,4.245593611052139,True,369
10,1,0.9890911075004402,-1.0096079529924742,2.9877901679933547,3.997398120985829,True,369
10,8,6.310290312880164,3.9988992915746633,8.621681334185665,4.622782042611002,True,369
10,9,7.70420105040645,5.356203195920729,10.05219890489217,4.6959957089714415,True,369
10,7,6.365409098461331,4.035038588056667,8.695779608865996,4.660741020809329,True,369
10,8,8.440015312890845,6.143946091613792,10.736084534167897,4.592138442554106,True,369
10,9,11.73899581761157,9.87986382531398,13.598127809909162,3.7182639845951826,False,369
10,6,5.272568359802606,3.300880343976469,7.244256375628743,3.9433760316522743,True,369
10,3,3.6922770695671696,1.6093740860642707,5.775180053070068,4.165805967005797,True,369
10,1,-1.4418467698730777,-3.4074821926437338,0.5237886528975786,3.931270845541312,False,369
10,13,14.590432961330976,12.267100059197452,16.913765863464498,4.646665804267046,True,369
10,11,8.417476137609565,6.453054665492104,10.381897609727027,3.9288429442349226,False,369
10,5,6.197579708152151,4.394337314963184,8.000822101341118,3.6064847863779343,True,369
10,10,9.878612570077294,7.855421788849891,11.901803351304697,4.046381562454806,True,369
10,7,6.819020585890316,4.305959414243842,9.33208175753679,5.026122343292947,True,369
10,12,11.549602923121753,9.67244293154777,13.426762914695736,3.7543199831479654,True,369
10,4,2.048121063411853,-0.15479940563026995,4.251041532453977,4.405840938084246,True,369
10,2,0.12759423519679558,-1.92421303683469,2.179401507228281,4.103614544062971,True,369
10,9,10.254780234058472,8.50821618200754,12.001344286109404,3.4931281041018636,True,369
10,7,7.017905170272082,4.919795899213717,9.116014441330446,4.196218542116728,True,369
10,2,1.5386648972281067,-0.7401603532653036,3.817490147721517,4.557650500986821,True,369
10,1,1.665096925954085,-0.45438525366070914,3.7845791055688793,4.2389643592295885,True,369
10,4,4.151965424831878,1.7298226444055946,6.574108205258161,4.844285560852567,True,369
10,10,8.81060267509018,6.8802657910422855,10.740939559138075,3.86067376809579,True,369
10,6,9.69149433876387,7.932090870964194,11.450897806563548,3.518806935599354,False,369
10,11,12.111134567754661,9.634630901923076,14.587638233586246,4.953007331663169,True,369
10,3,3.1906028600393332,1.184990605270535,5.1962151148081315,4.0112245095375965,True,369
10,12,11.22958304667909,9.056814364953194,13.402351728404987,4.345537363451793,True,369
10,8,9.429139533791286,7.074550230754821,11.783728836827752,4.709178606072931,True,369
10,5,3.8186481954108564,1.85847700554245,5.778819385279263,3.9203423797368133,True,369
10,10,8.692337888546106,6.401705794682988,10.982969982409225,4.581264187726237,True,369
10,6,8.539988453610572,6.739118556930871,10.340858350290274,3.6017397933594033,False,369
10,4,4.046012764106064,2.113688370629421,5.978337157582707,3.8646487869532855,True,369
10,12,10.854976219927332,9.046270250118868,12.663682189735797,3.617411939616929,True,369
10,3,3.008528547059516,0.6377241094743713,5.379332984644661,4.741608875170289,True,369
10,13,14.275279830772563,12.400845642397973,16.14971401914715,3.7488683767491775,True,369
10,7,7.931881680932789,5.640204682541062,10.223558679324515,4.583353996783454,True,369
10,5,6.4613933946296775,3.9792117462858436,8.943575042973512,4.964363296687669,True,369
10,2,0.12566614589077973,-2.00608841709064,2.2574207088721994,4.263509125962839,True,369
10,8,9.423723742512266,7.281632457039086,11.565815027985446,4.28418257094636,True,369
10,1,0.7314118359232804,-1.3440598065058746,2.8068834783524355,4.15094328485831,True,369
10,11,11.133651150055815,9.17215046246051,13.095151837651121,3.923001375190612,True,369
10,9,10.81424174046717,8.726439331053822,12.902044149880517,4.175604818826695,True,369
10,11,12.054088509906935,9.8590541576953,14.249122862118568,4.390068704423268,True,369
10,8,8.526578721432019,6.008392495568096,11.044764947295942,5.036372451727846,True,369
10,6,3.0240049752795684,0.5464901969211993,5.501519753637938,4.955029556716738,False,369
10,9,8.93174721692957,6.517998222102372,11.345496211756771,4.8274979896543995,True,369
10,7,5.822986918644249,3.386486833533152,8.259487003755346,4.873000170222195,True,369
10,5,6.066567956596044,3.9853484786864213,8.147787434505666,4.162438955819245,True,369
10,2,3.486437280553492,1.245325897967163,5.727548663139821,4.482222765172658,True,369
10,12,11.546953465825855,9.105447196149647,13.988459735502062,4.883012539352414,True,369
10,1,-0.0005622136830307767,-2.0186173588257383,2.017492931459677,4.036110290285415,True,369
10,3,5.3344511932739,2.836698169869221,7.832204216678578,4.995506046809357,True,369
10,4,3.0952786494794586,1.057965737134448,5.132591561824469,4.074625824690021,True,369
10,10,8.208193739445623,6.014614024964011,10.401773453927234,4.387159428963223,True,369
10,13,11.750993270471584,9.465724628945217,14.03626191199795,4.570537283052733,True,369
10,8,7.167500917828685,4.679168320134643,9.655833515522726,4.976665195388083,True,369
10,6,4.7079554205756775,2.8149956961249334,6.600915145026422,3.7859194489014882,True,369
10,7,8.268087074917108,5.9521832832691866,10.583990866565031,4.631807583295845,True,369
10,3,-0.296870168361016,-2.422757979342525,1.8290176426204932,4.251775621963018,False,369
10,1,-0.3238406171682937,-2.2369904724250342,1.5893092380884468,3.826299710513481,True,369
10,9,8.928753831817705,6.587148730256082,11.270358933379327,4.683210203123245,True,369
10,12,12.31536933000344,10.16299520705683,14.46774345295005,4.304748245893219,True,369
10,2,4.5377522562868755,2.2936643342056486,6.781840178368102,4.488175844162454,False,369
10,11,13.31785656914553,11.358876667978166,15.276836470312894,3.917959802334728,False,369
10,10,7.598894266083187,5.50635323337524,9.691435298791134,4.1850820654158944,False,369
10,4,1.1379280891456305,-1.0693739958543058,3.345230174145567,4.414604169999873,False,369
10,5,5.037456893556499,3.00931544018893,7.065598346924068,4.056282906735138,True,369
10,11,9.990222145305367,8.136261303367139,11.844182987243595,3.7079216838764566,True,369
10,10,8.211960487025221,5.714310338505982,10.709610635544461,4.995300297038479,True,369
10,8,8.024181346190982,5.906177054088375,10.14218563829359,4.236008584205215,True,369
10,7,7.346045977501652,5.040439798559024,9.65165215644428,4.611212357885256,True,369
10,5,3.7415473405337334,1.7082308739681245,5.774863807099342,4.066632933131217,True,369
10,4,3.063872882443759,1.077711761448738,5.05003400343878,3.9723222419900424,True,369
10,2,0.8569377089185255,-1.1731041827887498,2.886979600625801,4.060083783414551,True,369
10,1,0.3827631381680794,-1.6489926980911518,2.4145189744273106,4.063511672518462,True,369
10,12,12.812166149084605,10.66657425130689,14.95775804686232,4.29118379555543,True,369
10,9,7.38314120827262,5.238148284588338,9.528134131956902,4.289985847368564,True,369
10,3,2.0389725097535987,-0.06696054164095644,4.144905561148153,4.211866102789109,True,369
10,6,5.401076785371747,3.6007407734247074,7.2014127973187865,3.600672023894079,True,369
10,10,9.98987139226729,7.884847738731842,12.094895045802737,4.210047307070895,True,369
10,3,3.4139767393687084,1.5846991166806255,5.243254362056791,3.6585552453761654,True,369
10,1,4.063386760766187,2.270345580990092,5.856427940542282,3.5860823595521905,False,369
10,11,11.858188576412585,9.384990688121533,14.331386464703638,4.946395776582104,True,369
10,8,8.89389702055875,6.697055842804186,11.090738198313314,4.393682355509128,True,369
10,6,5.6000804800806945,3.357243864395629,7.84291709576576,4.48567323137013,True,369
10,5,3.5302013064538516,1.504688644472715,5.555713968434988,4.051025323962273,True,369
10,13,12.207678977725326,9.75443842554379,14.660919529906861,4.9064811043630705,True,369
10,2,0.9345012646776625,-1.2901534482011883,3.1591559775565132,4.4493094257577015,True,369
10,12,12.588346013331849,10.25301275670029,14.923679269963408,4.670666513263118,True,369
10,9,6.5230778645644,4.525590182351029,8.520565546777773,3.994975364426744,False,369
10,4,4.888800579380867,2.3925238932234043,7.385077265538329,4.992553372314925,True,369
10,7,6.8241406158459625,4.445551594479117,9.202729637212808,4.757178042733692,True,369
10,7,8.100022349033557,5.693192478557959,10.506852219509154,4.813659740951195,True,369
10,5,3.9141377162685895,2.08225388407287,5.746021548464309,3.663767664391439,True,369
10,2,0.6479454277366314,-1.2672335442347638,2.563124399708027,3.830357943942791,True,369
10,11,10.389996921442334,8.46245182237585,12.317542020508817,3.8550901981329666,True,369
10,10,9.35402612086926,7.438892675931066,11.269159565807456,3.8302668898763903,True,369
10,9,10.209522616612395,7.801461733237778,12.617583499987012,4.816121766749234,True,369
10,6,7.195207249585598,5.481651072293019,8.908763426878178,3.4271123545851587,True,369
10,12,14.857534625303128,13.106690301262674,16.60837894934358,3.5016886480809077,False,369
10,4,3.2567617832231557,1.3390935756586038,5.174429990787708,3.8353364151291043,True,369
10,3,-2.0213258947313903,-3.8765521033524215,-0.1660996861103592,3.7104524172420623,False,369
10,8,7.385866140453773,5.503664532745904,9.268067748161641,3.7644032154157374,True,369
10,1,1.3459868878125354,-1.013611868457748,3.7055856440828188,4.719197512540567,True,369
10,13,14.071796036578252,11.91022594239596,16.233366130760544,4.323140188364583,True,369
10,12,12.45540640692558,10.763873149235176,14.146939664615983,3.3830665153808077,True,369
10,8,7.2555837003654515,5.206854834621581,9.304312566109322,4.097457731487742,True,369
10,5,7.571246536123335,5.540596914479533,9.601896157767138,4.061299243287605,False,369
10,4,2.4493962991566605,0.6666357885917618,4.232156809721559,3.565521021129797,True,369
10,15,14.588032727157243,12.331153152103347,16.84491230221114,4.513759150107791,True,369
10,11,9.380135238708789,7.101366609842085,11.658903867575493,4.557537257733408,True,369
10,6,6.029365143135258,3.734745195067989,8.323985091202527,4.589239896134538,True,369
10,2,4.383508638159304,2.082498140738225,6.684519135580383,4.602020994842158,False,369
10,7,6.788611114151781,5.101899896772211,8.475322331531352,3.3734224347591413,True,369
10,3,2.7978002218597813,0.3066603439490456,5.288940099770517,4.982279755821471,True,369
10,1,-1.5439430125658884,-3.9172590727819876,0.8293730476502108,4.746632120432198,False,369
10,14,13.569511721313502,11.12048715718987,16.018536285437133,4.898049128247262,True,369
10,10,11.725730575050028,10.025871396007425,13.42558975409263,3.399718358085206,False,369
10,9,8.624645751514388,6.15042483373508,11.098866669293695,4.948441835558615,True,369
10,15,14.523314679131534,12.153726353271232,16.892903004991837,4.739176651720605,True,369
10,13,14.65857186376494,12.265850386536439,17.051293340993443,4.785442954457004,True,369
10,6,5.529653830544153,3.7643148027619597,7.294992858326347,3.530678055564387,True,369
10,12,13.938080448340685,11.628377643952668,16.247783252728702,4.6194056087760345,True,369
10,9,7.073040606918383,4.5768441986535535,9.569237015183212,4.992392816529659,True,369
10,5,6.016780962261546,3.75787270433223,8.275689220190861,4.51781651585863,True,369
10,1,3.4694938115431846,1.3016536936430998,5.637333929443269,4.335680235800169,False,369
10,3,4.51178534618237,2.0276376512807155,6.995933041084024,4.968295389803309,True,369
10,11,8.199089672547089,6.138879366551048,10.25929997854313,4.120420611992081,False,369
10,7,6.042545137853674,3.8504742302651698,8.234616045442177,4.384141815177007,True,369
10,8,7.637072713013326,5.5486940854997435,9.725451340526908,4.176757255027164,True,369
10,2,3.514933245060621,1.041566265046769,5.9883002250744735,4.9467339600277045,True,369
10,14,12.002572825682847,10.25174137277727,13.753404278588425,3.5016629058111555,False,369
10,10,8.471594994411028,6.362317380048317,10.580872608773738,4.218555228725421,True,369
10,4,1.5922728547300116,-0.6737237041717083,3.8582694136317315,4.53199311780344,False,369
10,16,14.761299624868279,12.406791777465525,17.115807472271033,4.709015694805508,True,369
10,14,12.12259001454153,9.944244288530308,14.30093574055275,4.356691452022442,True,369
10,12,14.396858790294612,11.943671492752186,16.85004608783704,4.906374595084854,True,369
10,11,10.02893409402805,7.547854640489319,12.510013547566782,4.9621589070774625,True,369
10,6,7.036387938195013,5.295478726635091,8.777297149754935,3.4818184231198437,True,369
10,5,5.0269542608283055,3.0009551058150796,7.0529534158415315,4.051998310026452,True,369
10,3,3.0059419213868814,1.2994914797353743,4.712392363038388,3.412900883303014,True,369
10,13,12.112834270690842,10.148359556305062,14.077308985076622,3.92894942877156,True,369
10,10,11.155033730696061,9.01560820020752,13.294459261184603,4.2788510609770825,True,369
10,9,9.231516348963511,6.776745957566788,11.686286740360234,4.909540782793447,True,369
10,8,8.14511586940857,5.744521724129414,10.545710014687728,4.801188290558314,True,369
10,1,0.10986908473311519,-1.6843223514269263,1.9040605208931567,3.588382872320083,True,369
10,15,14.35533611077047,12.590213828072315,16.120458393468624,3.530244565396309,True,369
10,7,7.883366676363137,5.699751220678348,10.066982132047926,4.367230911369578,True,369
10,4,4.345083417318252,2.209663927211345,6.4805029074251586,4.270838980213814,True,369
10,2,2.18520847176281,0.27389666082349007,4.09652028270213,3.8226236218786402,True,369
10,13,11.868936262498679,9.423730827858277,14.31414169713908,4.890410869280803,True,369
10,10,12.916161555288243,10.447415883308999,15.384907227267487,4.937491343958488,False,369
10,7,6.280439890663265,4.254237577663062,8.306642203663468,4.052404626000406,True,369
10,5,4.954621007411869,2.517132517579467,7.39210949724427,4.874976979664803,True,369
10,1,0.7194495566879188,-1.2910140108071881,2.729913124183026,4.020927134990214,True,369
10,11,13.932066795891933,11.624017934382218,16.240115657401645,4.616097723019427,False,369
10,14,13.563778080938619,11.475733477473371,15.651822684403866,4.176089206930495,True,369
10,12,11.42648708853652,9.636441959882129,13.216532217190911,3.5800902573087825,True,369
10,2,2.177466722175004,-0.291757787534884,4.646691231884892,4.938449019419776,True,369
10,8,6.959688665806722,4.890067205391666,9.029310126221777,4.139242920830111,True,369
10,6,6.16739957535227,3.861315504680377,8.473483646024164,4.612168141343787,True,369
10,9,12.557405370251654,10.56108878674793,14.553721953755378,3.9926331670074475,False,369
10,4,4.449543333326638,2.746953792394013,6.152132874259262,3.405179081865249,True,369
10,3,3.394868882589872,1.6234216134264237,5.16631615175332,3.5428945383268964,True,369
10,13,11.923142660636183,9.817997566266346,14.02828775500602,4.210290188739673,True,369
10,8,10.563810731529445,8.295274123686212,12.832347339372678,4.5370732156864655,False,369
10,5,7.908549051196969,5.939588925781777,9.877509176612161,3.937920250830384,False,369
10,13,14.279020563740517,12.0058252965007,16.552215830980334,4.5463905344796345,True,369
10,3,3.980749834593569,1.7049004875059528,6.256599181681185,4.551698694175233,True,369
10,7,6.647851972841774,4.367532690995304,8.928171254688245,4.56063856369294,True,369
10,1,1.5870063712669336,-0.515020392290362,3.6890331348242293,4.204053527114591,True,369
10,11,9.74726359270624,7.289042939437104,12.205484245975375,4.916441306538271,True,369
10,12,10.31082903633189,8.211606639501571,12.41005143316221,4.198444793660638,True,369
10,10,7.768960124911386,5.702569811729221,9.83535043809355,4.13278062636433,False,369
10,2,2.616010959912198,0.7611998025465692,4.470822117277827,3.7096223147312575,True,369
10,9,6.932438291518968,4.986315834515125,8.878560748522812,3.892244914007687,False,369
10,6,5.250546895331276,3.528178139974173,6.972915650688378,3.444737510714205,True,369
10,4,3.9081559371970345,1.6872078395807306,6.129104034813338,4.441896195232607,True,369
11,2,0.7630819853524671,-1.810510152025343,3.336674122730277,5.14718427475562,True,119
11,12,10.411799777628271,7.795006397104151,13.028593158152391,5.23358676104824,True,119
11,9,7.926730521772157,5.975965129283118,9.877495914261196,3.9015307849780783,True,119
11,7,8.682248817774893,6.302504383380445,11.06199325216934,4.759488868788896,True,119
11,4,3.008462418058759,0.9332339777499237,5.083690858367595,4.150456880617671,True,119
11,1,0.22759194035009134,-1.524817146132611,1.9800010268327934,3.5048181729654044,True,119
11,10,9.31495357746513,7.5615458762194,11.068361278710862,3.506815402491462,True,119
11,13,13.50849027071413,11.361236334781468,15.655744206646792,4.294507871865324,True,119
11,6,6.684374232792799,4.512887298711016,8.855861166874583,4.342973868163567,True,119
11,5,0.4330151911352571,-1.3320139640745008,2.198044346345015,3.5300583104195162,False,119
11,8,9.532452820741412,7.1876608283697045,11.87724481311312,4.689583984743415,True,119
11,11,13.15455205136563,11.152651760918435,15.156452341812827,4.003800580894392,False,119
11,3,1.4247201939574958,-0.8092131859828762,3.658653573897868,4.467866759880744,True,119
11,10,8.541552632897748,6.533617255048725,10.54948801074677,4.015870755698046,True,119
11,7,6.324619918332592,4.433434039556643,8.21580579710854,3.782371757551897,True,119
11,6,4.865993970815093,2.765333688264474,6.966654253365712,4.201320565101238,True,119
11,5,5.335890310919909,3.3878597545793987,7.28392086726042,3.8960611126810214,True,119
11,2,-0.9197879295382965,-3.1318242487297576,1.2922483896531647,4.424072638382922,False,119
11,1,-0.6768914120551095,-2.595735776151778,1.241952952041559,3.8376887281933367,True,119
11,12,14.308795800262361,12.11979351797715,16.497798082547572,4.378004564570421,False,119
11,4,2.6076700489779734,0.7249977316690748,4.490342366286872,3.7653446346177972,True,119
11,9,10.865142417154388,8.534271820676459,13.196013013632317,4.6617411929558585,True,119
11,8,8.533007293385205,6.129737674095988,10.936276912674423,4.806539238578434,True,119
11,3,0.2860984281176129,-1.5555722736378297,2.127769129873055,3.6833414035108847,False,119
11,11,11.952993792824309,9.799424887919724,14.106562697728894,4.30713780980917,True,119
11,8,7.82349904671072,6.016318342605899,9.63067975081554,3.614361408209641,True,119
11,9,8.31679941562539,6.049452201482402,10.584146629768377,4.534694428285975,True,119
11,6,6.367435639758006,4.391365489098069,8.343505790417943,3.952140301319874,True,119
11,3,3.7119502283501884,1.506176619015609,5.917723837684768,4.41154721866916,True,119
11,1,2.0613877329619292,-0.13551657456076294,4.258292040484621,4.3938086150453834,True,119
11,13,14.767379271322003,12.215392711876879,17.319365830767126,5.103973118890247,True,119
11,11,11.612203869167535,9.387703910272563,13.836703828062507,4.448999917789944,True,119
11,5,2.9365488668204573,0.6824521935196066,5.190645540121308,4.508193346601701,True,119
11,10,9.289531813523213,7.193689185772831,11.385374441273596,4.191685255500765,True,119
11,7,11.414572502902931,8.841009035858725,13.988135969947137,5.147126934088412,False,119
11,12,13.086736590572592,10.663179020268291,15.510294160876892,4.847115140608601,True,119
11,4,7.553930951217246,5.559533934546299,9.548327967888191,3.9887940333418923,False,119
11,2,4.093151123298778,1.6111042247780532,6.575198021819503,4.96409379704145,True,119
11,10,10.362703107333623,8.240031883678768,12.485374330988478,4.24534244730971,True,119
11,6,6.4521106046716765,3.9836270774146927,8.92059413192866,4.936967054513967,True,119
11,4,3.9451299401847315,1.481689619253935,6.408570261115528,4.926880641861594,True,119
11,12,9.39329307623025,7.483139026581866,11.303447125878636,3.8203080992967697,False,119
11,3,3.0270708787023364,0.669875051381601,5.384266706023071,4.714391654641471,True,119
11,13,14.816011828813295,12.81704406426513,16.81497959336146,3.997935529096331,True,119
11,7,6.100540007768195,4.095594737754593,8.105485277781796,4.009890540027203,True,119
11,5,5.617929498592714,3.613983076834927,7.621875920350501,4.007892843515574,True,119
11,2,3.277386568839796,0.898874011469148,5.6558991262104445,4.757025114741296,True,119
11,8,6.635479341031287,4.689584481893666,8.581374200168908,3.8917897182752412,True,119
11,1,0.3230457034845031,-1.4230781220735853,2.0691695290425915,3.492247651116177,True,119
11,11,9.473132764284262,7.103636070145084,11.84262945842344,4.738993388278356,True,119
11,9,7.76675158996589,5.872031036845771,9.661472143086009,3.789441106240238,True,119
11,13,11.068592074520408,9.232080437548438,12.905103711492378,3.67302327394394,False,119
11,8,6.64932730793296,4.696721573361209,8.60193304250471,3.9052114691435005,True,119
11,6,8.129183521196758,6.052323665383145,10.20604337701037,4.153719711627225,False,119
11,7,5.626784456364561,3.4661435345896145,7.787425378139508,4.321281843549894,True,119
11,3,3.189688828591035,1.4054607063958124,4.973916950786258,3.568456244390445,True,119
11,1,0.24569686949356617,-2.3466234587792436,2.838017197766376,5.18464065654562,True,119
11,9,10.768298905555408,8.398081214271274,13.138516596839542,4.740435382568268,True,119
11,12,13.966743444905426,11.939369423899056,15.994117465911796,4.05474804201274,True,119
11,2,3.29610497320842,1.27265516668403,5.31955477973281,4.0468996130487795,True,119
11,11,11.459201829654132,9.322440364905257,13.595963294403008,4.2735229294977515,True,119
11,10,9.653410694738652,7.361574379407444,11.94524701006986,4.583672630662416,True,119
11,4,2.212187943713125,0.3391197142698188,4.085256173156432,3.746136458886613,True,119
11,5,7.915293321683295,6.005087237537746,9.825499405828843,3.8204121682910968,False,119
11,7,5.86049047337117,3.3651572274184245,8.355823719323915,4.990666491905491,True,119
11,5,5.995469520549262,4.026511056968731,7.964427984129793,3.937916927161062,True,119
11,2,3.589348358935096,1.5122315240354243,5.666465193834767,4.154233669799343,True,119
11,11,10.167079254642006,7.661416019379537,12.672742489904476,5.0113264705249385,True,119
11,10,11.557018790973943,9.232978451851032,13.881059130096855,4.648080678245822,True,119
11,9,10.146319805008282,8.102785904969435,12.18985370504713,4.087067800077694,True,119
11,6,8.591945753072647,6.249970616170295,10.933920889975,4.6839502738047045,False,119
11,12,11.295980300359933,9.53347008107042,13.058490519649446,3.525020438579027,True,119
11,4,2.0712039740804276,-0.3161001872228244,4.4585081353836795,4.774608322606504,True,119
11,3,2.241765366833233,0.07142936880939432,4.412101364857072,4.3406719960476785,True,119
11,8,8.313280313801497,5.858310026604591,10.768250600998403,4.909940574393812,True,119
11,1,1.0873190906275847,-1.491094700356727,3.6657328816118966,5.156827581968623,True,119
11,13,12.409843155588174,9.856605014729247,14.9630812964471,5.106476281717853,True,119
11,12,9.136203811534136,6.597385183612108,11.675022439456164,5.077637255844056,False,119
11,8,8.70572449419366,6.513437512648688,10.898011475738633,4.384573963089945,True,119
11,5,7.9585167186233,5.898899367018053,10.018134070228546,4.119234703210493,False,119
11,4,4.6963768571845055,2.5452226971362046,6.847531017232806,4.302308320096602,True,119
11,15,15.91370327858027,13.566320699688811,18.26108585747173,4.6947651577829195,True,119
11,11,11.858667959232653,9.341899232616397,14.375436685848909,5.033537453232512,True,119
11,6,6.5955700048236,4.669606624405495,8.521533385241705,3.8519267608362098,True,119
11,2,3.3974989503021424,0.8508890540178964,5.9441088465863885,5.093219792568492,True,119
11,7,7.593060521778499,5.136346572679441,10.049774470877557,4.913427898198115,True,119
11,3,2.530984245520086,-0.0685641037254534,5.130532594765626,5.199096698491079,True,119
11,1,-0.19398336501313107,-2.7074830791636164,2.3195163491373543,5.026999428300971,True,119
11,14,13.626539517078987,11.63691420736785,15.616164826790124,3.979250619422274,True,119
11,10,10.471194244676,8.633396719376426,12.308991769975572,3.6755950505991457,True,119
11,9,8.52587555831554,6.682593182824214,10.369157933806868,3.6865647509826536,True,119
11,13,13.471508024697146,11.472033808684504,15.470982240709787,3.9989484320252835,True,119
11,10,10.658725200550627,8.377414204086786,12.940036197014468,4.5626219929276814,True,119
11,7,8.249769146905273,5.802532275664473,10.697006018146073,4.8944737424816,True,119
11,5,6.92419245325847,4.394113352032559,9.454271554484382,5.060158202451824,True,119
11,1,1.1170111277182864,-1.172650992374598,3.4066732478111708,4.579324240185769,True,119
11,11,9.03833515227851,7.288087560020375,10.788582744536646,3.5004951845162706,False,119
11,14,13.482343854771216,11.574418081129375,15.390269628413057,3.815851547283682,True,119
11,12,12.0660938511099,10.233732783880527,13.898454918339272,3.6647221344587457,True,119
11,2,-0.753653134265635,-2.816047626612191,1.3087413580809213,4.1247889846931125,False,119
11,8,10.082996780153723,7.900151146376007,12.265842413931438,4.365691267555431,True,119
11,6,6.2135668687656995,4.430362264259475,7.996771473271924,3.5664092090124484,True,119
11,9,9.572029251870427,7.522590804992752,11.621467698748102,4.09887689375535,True,119
11,4,6.048289693789399,4.146592231066367,7.949987156512431,3.8033949254460637,False,119
11,3,2.05478575478648,-0.2552241436354308,4.3647956532083905,4.620019796843821,True,119
11,13,13.861062896326045,11.710574542029004,16.011551250623086,4.3009767085940815,True,119
11,8,7.835203815347096,5.657623282122772,10.01278434857142,4.355161066448648,True,119
11,5,4.723869699476121,2.60530399911892,6.842435399833322,4.237131400714402,True,119
11,13,11.841711418293432,9.262091550942154,14.42133128564471,5.159239734702556,True,119
11,3,5.498404820529791,3.565679301340373,7.431130339719209,3.865451038378836,False,119
11,7,6.436749939886644,4.240540929129557,8.632958950643731,4.392418021514175,True,119
11,1,2.0491963703435534,-0.33843478644992997,4.436827527137037,4.775262313586968,True,119
11,11,8.187488918792095,5.956216027596667,10.418761809987522,4.462545782390856,False,119
11,12,13.76998279453468,11.213923901599152,16.32604168747021,5.112117785871057,True,119
11,10,11.578316733935587,9.503143015579294,13.65349045229188,4.150347436712586,True,119
11,2,2.1461511654459544,-0.0038165877254394687,4.296118918617348,4.299935506342788,True,119
11,9,8.659586300793114,6.837002493715728,10.4821701078705,3.645167614154772,True,119
11,6,6.600000008420349,4.323213450842367,8.876786565998332,4.553573115155965,True,119
11,4,7.433185991320434,5.436339680188053,9.430032302452815,3.9936926222647626,False,119
